fill,t1,t2,mean_lumi,mean_sbil,channel,ntracks_time,BSZ_x,BSZ_x_std,BSZ_y,BSZ_y_std
9059,1689112800,1689113099,10330.478681470384,4.213082659653501,0,35791,-0.0634540542960167,1.1510664224624634,-0.0080929426476359,0.9298470616340636
9059,1689112800,1689113099,10330.478681470384,4.213082659653501,1,34101,-0.0338603369891643,0.9254193902015686,0.08824373036623,1.1590347290039062
9059,1689112800,1689113099,10330.478681470384,4.213082659653501,2,33106,0.0436762459576129,0.9034243226051332,-0.0019610209856182,1.1986390352249146
9059,1689112800,1689113099,10330.478681470384,4.213082659653501,3,31387,-0.120694912970066,1.223587989807129,-0.0822815150022506,0.9623236060142516
9059,1689112800,1689113099,10330.478681470384,4.213082659653501,4,26529,-0.0028791171498596,1.2739858627319336,0.0691739171743393,0.9816417098045348
9059,1689112800,1689113099,10330.478681470384,4.213082659653501,5,19722,-0.0196384508162736,1.039354920387268,0.0075076706707477,1.3432804346084597
9059,1689112800,1689113099,10330.478681470384,4.213082659653501,7,17201,-0.0063953949138522,1.465157389640808,-0.0034331106580793,1.0759798288345337
9059,1689112800,1689113099,10330.478681470384,4.213082659653501,8,35711,-0.0651325136423111,1.2168338298797607,-0.1656684875488281,0.923068344593048
9059,1689112800,1689113099,10330.478681470384,4.213082659653501,9,24809,0.1168216466903686,0.9201632738113404,-0.0402508303523063,1.2068133354187012
9059,1689112800,1689113099,10330.478681470384,4.213082659653501,10,35100,0.1095257103443145,0.9314031600952148,-0.057510569691658,1.1918940544128418
9059,1689112800,1689113099,10330.478681470384,4.213082659653501,11,37848,-0.0662975683808326,1.184505820274353,0.1295226663351059,0.9330928325653076
9059,1689112800,1689113099,10330.478681470384,4.213082659653501,12,36102,0.1121296137571334,1.2174866199493408,0.088245153427124,0.9219253063201904
9059,1689112800,1689113099,10330.478681470384,4.213082659653501,13,34838,-0.1081138923764228,0.9470282196998596,0.0981278643012046,1.21784508228302
9059,1689112800,1689113099,10330.478681470384,4.213082659653501,14,32528,-0.1370920985937118,0.937809944152832,-0.1054612100124359,1.2584601640701294
9059,1689112800,1689113099,10330.478681470384,4.213082659653501,15,32795,0.0522622019052505,1.2431650161743164,-0.1717257648706436,0.8963481783866882
9059,1689113100,1689113399,12076.81369365746,4.925291065928817,0,40469,-0.0667182207107544,1.1677502393722534,-0.0045517762191593,0.938517689704895
9059,1689113100,1689113399,12076.81369365746,4.925291065928817,1,39104,-0.0355451069772243,0.9128980040550232,0.0874600037932396,1.1699877977371216
9059,1689113100,1689113399,12076.81369365746,4.925291065928817,2,37759,0.042242906987667,0.9211152791976928,0.0003251390298828,1.214969515800476
9059,1689113100,1689113399,12076.81369365746,4.925291065928817,3,35789,-0.1272654682397842,1.220299482345581,-0.08698221296072,0.9484519362449646
9059,1689113100,1689113399,12076.81369365746,4.925291065928817,4,30054,-0.0024484761524945,1.2925270795822144,0.0636146515607833,0.984771728515625
9059,1689113100,1689113399,12076.81369365746,4.925291065928817,5,22551,-0.0160433463752269,1.0459375381469729,0.0113875661045312,1.3401978015899658
9059,1689113100,1689113399,12076.81369365746,4.925291065928817,7,19966,-0.0094359470531344,1.457199215888977,-0.0045267785899341,1.0721417665481567
9059,1689113100,1689113399,12076.81369365746,4.925291065928817,8,40993,-0.0697697401046752,1.2172625064849854,-0.1728020012378692,0.9228185415267944
9059,1689113100,1689113399,12076.81369365746,4.925291065928817,9,28313,0.1195062026381492,0.909622073173523,-0.0438991449773311,1.2229654788970947
9059,1689113100,1689113399,12076.81369365746,4.925291065928817,10,40125,0.0989784300327301,0.936770498752594,-0.0511076636612415,1.1933488845825195
9059,1689113100,1689113399,12076.81369365746,4.925291065928817,11,42969,-0.0659039318561554,1.1866766214370728,0.1233444660902023,0.9397104382514954
9059,1689113100,1689113399,12076.81369365746,4.925291065928817,12,41114,0.1194331496953964,1.2113248109817505,0.0857914462685585,0.94777113199234
9059,1689113100,1689113399,12076.81369365746,4.925291065928817,13,40443,-0.1058125495910644,0.9776148796081544,0.087060660123825,1.2014130353927612
9059,1689113100,1689113399,12076.81369365746,4.925291065928817,14,37264,-0.1340907216072082,0.939247727394104,-0.0975725278258323,1.247917652130127
9059,1689113100,1689113399,12076.81369365746,4.925291065928817,15,37462,0.0460279807448387,1.2676383256912231,-0.1694510132074356,0.9056697487831116
9059,1689113400,1689113699,12876.75080952508,5.2515296939335565,0,40990,-0.0666298940777778,1.1755114793777466,0.0039178789593279,0.9156562089920044
9059,1689113400,1689113699,12876.75080952508,5.2515296939335565,1,39494,-0.0176153015345335,0.9504314064979552,0.0956994593143463,1.1906472444534302
9059,1689113400,1689113699,12876.75080952508,5.2515296939335565,2,38846,0.0579492412507534,0.9158593416213988,0.0013624455314129,1.2312461137771606
9059,1689113400,1689113699,12876.75080952508,5.2515296939335565,3,36999,-0.1226481646299362,1.1934281587600708,-0.0923475325107574,0.962439239025116
9059,1689113400,1689113699,12876.75080952508,5.2515296939335565,4,30913,-0.0136921070516109,1.3208637237548828,0.0486745573580265,1.0032858848571775
9059,1689113400,1689113699,12876.75080952508,5.2515296939335565,5,23204,-0.0285346191376447,1.041229486465454,0.001281626173295,1.3532499074935913
9059,1689113400,1689113699,12876.75080952508,5.2515296939335565,7,20118,-0.0270150285214185,1.4745713472366333,0.0044172769412398,1.0996404886245728
9059,1689113400,1689113699,12876.75080952508,5.2515296939335565,8,42220,-0.0866988450288772,1.2160511016845703,-0.1607310026884079,0.9489522576332092
9059,1689113400,1689113699,12876.75080952508,5.2515296939335565,9,28732,0.1176554933190345,0.9333651661872864,-0.0364699102938175,1.2300583124160769
9059,1689113400,1689113699,12876.75080952508,5.2515296939335565,10,41219,0.0988607332110405,0.9645313620567322,-0.057706631720066,1.219970464706421
9059,1689113400,1689113699,12876.75080952508,5.2515296939335565,11,43973,-0.056875254958868,1.1989201307296753,0.1110081747174263,0.949755847454071
9059,1689113400,1689113699,12876.75080952508,5.2515296939335565,12,41744,0.1303315907716751,1.2157611846923828,0.0850851982831955,0.932945191860199
9059,1689113400,1689113699,12876.75080952508,5.2515296939335565,13,40946,-0.0975025594234466,0.9700992703437804,0.0844267532229423,1.221044421195984
9059,1689113400,1689113699,12876.75080952508,5.2515296939335565,14,38278,-0.1365706920623779,0.9516846537590028,-0.0923630371689796,1.2533446550369265
9059,1689113400,1689113699,12876.75080952508,5.2515296939335565,15,39338,0.0493540950119495,1.2529221773147583,-0.1548297852277755,0.931963324546814
9059,1689113700,1689113999,14224.299826587616,5.801101071202127,0,41678,-0.048654094338417,1.1989781856536863,-0.0095468694344162,0.9317681193351746
9059,1689113700,1689113999,14224.299826587616,5.801101071202127,1,39851,-0.0315772220492363,0.9463931918144226,0.0988626256585121,1.190033793449402
9059,1689113700,1689113999,14224.299826587616,5.801101071202127,2,39551,0.0523746721446514,0.9306366443634032,-0.0025349755305796,1.2131388187408447
9059,1689113700,1689113999,14224.299826587616,5.801101071202127,3,37928,-0.1251633763313293,1.2271366119384766,-0.0899756178259849,0.9767821431159972
9059,1689113700,1689113999,14224.299826587616,5.801101071202127,4,32149,-0.0188647713512182,1.3264672756195068,0.0657547265291214,1.0270494222640991
9059,1689113700,1689113999,14224.299826587616,5.801101071202127,5,23910,-0.0220100451260805,1.0598464012145996,0.0104906586930155,1.3678597211837769
9059,1689113700,1689113999,14224.299826587616,5.801101071202127,7,21094,-0.0290567278861999,1.4755851030349731,-0.0090611781924963,1.1130292415618896
9059,1689113700,1689113999,14224.299826587616,5.801101071202127,8,43754,-0.0666397809982299,1.2165589332580566,-0.1523849666118621,0.9503130316734314
9059,1689113700,1689113999,14224.299826587616,5.801101071202127,9,29612,0.109358824789524,0.9431906342506408,-0.047255914658308,1.2445766925811768
9059,1689113700,1689113999,14224.299826587616,5.801101071202127,10,41805,0.0876806452870369,0.9651963114738464,-0.0367176383733749,1.2123777866363523
9059,1689113700,1689113999,14224.299826587616,5.801101071202127,11,44668,-0.0533544495701789,1.2014663219451904,0.1138750836253166,0.9665586352348328
9059,1689113700,1689113999,14224.299826587616,5.801101071202127,12,42869,0.1279972940683365,1.2274962663650513,0.0858934000134468,0.9529088735580444
9059,1689113700,1689113999,14224.299826587616,5.801101071202127,13,42316,-0.0950008705258369,0.9893613457679749,0.0930197164416313,1.2143999338150024
9059,1689113700,1689113999,14224.299826587616,5.801101071202127,14,39970,-0.1401075422763824,0.979854166507721,-0.0976463034749031,1.2799533605575562
9059,1689113700,1689113999,14224.299826587616,5.801101071202127,15,40642,0.0415618792176246,1.2832852602005005,-0.1631074100732803,0.936570644378662
9059,1689114000,1689114299,15511.554535918998,6.326082600293229,0,42517,-0.0554406270384788,1.202145218849182,-0.0068005109205842,0.9644871950149536
9059,1689114000,1689114299,15511.554535918998,6.326082600293229,1,40744,-0.0248702093958854,0.9780993461608888,0.1011640056967735,1.208823561668396
9059,1689114000,1689114299,15511.554535918998,6.326082600293229,2,40555,0.0429424308240413,0.9434899687767028,-0.0075900326482951,1.221340298652649
9059,1689114000,1689114299,15511.554535918998,6.326082600293229,3,39095,-0.1263840198516845,1.2374460697174072,-0.0922284126281738,0.9950664043426514
9059,1689114000,1689114299,15511.554535918998,6.326082600293229,4,32810,-0.0204831566661596,1.329521417617798,0.056082297116518,1.0426733493804932
9059,1689114000,1689114299,15511.554535918998,6.326082600293229,5,23921,-0.0150249944999814,1.068891167640686,0.0047251586802303,1.3997936248779297
9059,1689114000,1689114299,15511.554535918998,6.326082600293229,7,22043,-0.0052256938070058,1.4934661388397217,-0.0230304356664419,1.123595952987671
9059,1689114000,1689114299,15511.554535918998,6.326082600293229,8,44651,-0.0773359686136245,1.220664620399475,-0.1578231751918792,0.9542015790939332
9059,1689114000,1689114299,15511.554535918998,6.326082600293229,9,30614,0.1079081371426582,0.9534916877746582,-0.039329670369625,1.2295767068862915
9059,1689114000,1689114299,15511.554535918998,6.326082600293229,10,42805,0.1005878001451492,0.9909042716026306,-0.0301776956766843,1.2316802740097046
9059,1689114000,1689114299,15511.554535918998,6.326082600293229,11,45843,-0.0486229993402957,1.212483048439026,0.1234448999166488,0.969929575920105
9059,1689114000,1689114299,15511.554535918998,6.326082600293229,12,43760,0.1297145634889602,1.2514549493789673,0.0943432450294494,0.9570931792259216
9059,1689114000,1689114299,15511.554535918998,6.326082600293229,13,43674,-0.1092095151543617,1.005850076675415,0.0832530632615089,1.2316657304763794
9059,1689114000,1689114299,15511.554535918998,6.326082600293229,14,41079,-0.139140173792839,1.0005501508712769,-0.1010944470763206,1.2857214212417605
9059,1689114000,1689114299,15511.554535918998,6.326082600293229,15,41362,0.0522837750613689,1.2865893840789795,-0.1695623248815536,0.9425563216209412
9059,1689114300,1689114599,16819.428999876614,6.859473490977412,0,42259,-0.0637135356664657,1.2057256698608398,0.0001443526416551,0.9751248359680176
9059,1689114300,1689114599,16819.428999876614,6.859473490977412,1,40929,-0.0172905381768941,0.9986332654953004,0.0979890376329422,1.2180246114730835
9059,1689114300,1689114599,16819.428999876614,6.859473490977412,2,41280,0.0507978983223438,0.9616944789886476,0.002730595646426,1.2273616790771484
9059,1689114300,1689114599,16819.428999876614,6.859473490977412,3,39733,-0.1204084977507591,1.2320021390914917,-0.0846845582127571,0.968115210533142
9059,1689114300,1689114599,16819.428999876614,6.859473490977412,4,33177,-0.0093224728479981,1.3200119733810425,0.0511127822101116,1.0565719604492188
9059,1689114300,1689114599,16819.428999876614,6.859473490977412,5,24077,-0.018553290516138,1.1140687465667725,0.0120675908401608,1.3970319032669067
9059,1689114300,1689114599,16819.428999876614,6.859473490977412,7,22408,-0.0301018971949815,1.5136574506759644,-0.0041630310006439,1.147785186767578
9059,1689114300,1689114599,16819.428999876614,6.859473490977412,8,45576,-0.0620890073478221,1.2592989206314087,-0.1605430096387863,0.989188551902771
9059,1689114300,1689114599,16819.428999876614,6.859473490977412,9,31113,0.1239339560270309,0.9697085022926332,-0.0253644064068794,1.2668391466140747
9059,1689114300,1689114599,16819.428999876614,6.859473490977412,10,43162,0.101134292781353,1.000173568725586,-0.0448499470949173,1.250035524368286
9059,1689114300,1689114599,16819.428999876614,6.859473490977412,11,46378,-0.0506954863667488,1.228593826293945,0.1128928214311599,0.9961948394775392
9059,1689114300,1689114599,16819.428999876614,6.859473490977412,12,44336,0.1252687275409698,1.2537413835525513,0.0944356694817543,0.9847766160964966
9059,1689114300,1689114599,16819.428999876614,6.859473490977412,13,44143,-0.1021050363779068,1.0089119672775269,0.07991623878479,1.2528455257415771
9059,1689114300,1689114599,16819.428999876614,6.859473490977412,14,41992,-0.1416995525360107,0.9942997694015504,-0.0908957347273826,1.3017292022705078
9059,1689114300,1689114599,16819.428999876614,6.859473490977412,15,41830,0.0490716397762298,1.3110982179641724,-0.1584795266389846,0.9704546332359314
9059,1689114600,1689114899,18231.347430813843,7.435296668358011,0,42666,-0.0690223425626754,1.2033036947250366,-0.0115947900339961,1.0031386613845823
9059,1689114600,1689114899,18231.347430813843,7.435296668358011,1,40589,-0.0296088885515928,1.0175596475601196,0.1017466187477111,1.2348297834396362
9059,1689114600,1689114899,18231.347430813843,7.435296668358011,2,41179,0.041429940611124,0.9892049431800842,-0.0050732749514281,1.261501431465149
9059,1689114600,1689114899,18231.347430813843,7.435296668358011,3,39949,-0.133332222700119,1.2515989542007446,-0.0894356220960617,1.0013952255249023
9059,1689114600,1689114899,18231.347430813843,7.435296668358011,4,33392,-0.0202337279915809,1.3848273754119873,0.0635800510644912,1.080774188041687
9059,1689114600,1689114899,18231.347430813843,7.435296668358011,5,24040,-0.0132559407502412,1.1143200397491455,0.0072656762786209,1.4193501472473145
9059,1689114600,1689114899,18231.347430813843,7.435296668358011,7,22684,0.0012709198053926,1.5440199375152588,-0.0108286058530211,1.1706979274749756
9059,1689114600,1689114899,18231.347430813843,7.435296668358011,8,45841,-0.0764972418546676,1.24961256980896,-0.166330948472023,0.9740972518920898
9059,1689114600,1689114899,18231.347430813843,7.435296668358011,9,31313,0.1239525899291038,0.9980724453926086,-0.0289467647671699,1.264740824699402
9059,1689114600,1689114899,18231.347430813843,7.435296668358011,10,43254,0.1041908115148544,1.016664743423462,-0.0545717291533947,1.2920575141906738
9059,1689114600,1689114899,18231.347430813843,7.435296668358011,11,46720,-0.054903719574213,1.2588473558425903,0.1124944388866424,1.0180147886276243
9059,1689114600,1689114899,18231.347430813843,7.435296668358011,12,45019,0.1226307228207588,1.2680370807647705,0.0885188356041908,1.0107662677764893
9059,1689114600,1689114899,18231.347430813843,7.435296668358011,13,44847,-0.1023676171898841,1.0137611627578735,0.0896227732300758,1.255567193031311
9059,1689114600,1689114899,18231.347430813843,7.435296668358011,14,42472,-0.1354629546403885,1.0235532522201538,-0.1015343070030212,1.3105158805847168
9059,1689114600,1689114899,18231.347430813843,7.435296668358011,15,42715,0.0407873503863811,1.3186466693878174,-0.1648735404014587,0.9842692017555236
9059,1689114900,1689115199,18600.17451078608,7.585715542734943,0,42740,-0.0592889636754989,1.2117466926574707,-0.0038012224249541,1.002966284751892
9059,1689114900,1689115199,18600.17451078608,7.585715542734943,1,40682,-0.0319237597286701,1.0021624565124512,0.1052740961313247,1.2324177026748655
9059,1689114900,1689115199,18600.17451078608,7.585715542734943,2,41253,0.0361565314233303,0.9824514389038086,0.0025818236172199,1.249956130981445
9059,1689114900,1689115199,18600.17451078608,7.585715542734943,3,39427,-0.1242516338825225,1.259745955467224,-0.0911728665232658,1.0054727792739868
9059,1689114900,1689115199,18600.17451078608,7.585715542734943,4,33118,-0.0188182275742292,1.375917673110962,0.0557300709187984,1.0923147201538086
9059,1689114900,1689115199,18600.17451078608,7.585715542734943,5,23873,-0.0148583957925438,1.154629468917847,0.0120391584932804,1.4413211345672607
9059,1689114900,1689115199,18600.17451078608,7.585715542734943,7,22883,-0.011958465911448,1.5713871717453003,-0.0037104052025824,1.178077220916748
9059,1689114900,1689115199,18600.17451078608,7.585715542734943,8,46162,-0.0765192955732345,1.2519220113754272,-0.1678454875946045,0.99531352519989
9059,1689114900,1689115199,18600.17451078608,7.585715542734943,9,31280,0.1252448707818985,0.9840527772903442,-0.038463857024908,1.27139413356781
9059,1689114900,1689115199,18600.17451078608,7.585715542734943,10,43125,0.1028457060456276,1.0268031358718872,-0.0649533197283744,1.2540740966796875
9059,1689114900,1689115199,18600.17451078608,7.585715542734943,11,46578,-0.04048553109169,1.2269809246063232,0.1144652292132377,1.0037851333618164
9059,1689114900,1689115199,18600.17451078608,7.585715542734943,12,44794,0.1183070912957191,1.265643835067749,0.096820019185543,1.012243628501892
9059,1689114900,1689115199,18600.17451078608,7.585715542734943,13,44633,-0.1056658253073692,1.0236858129501345,0.0866644158959388,1.2516329288482666
9059,1689114900,1689115199,18600.17451078608,7.585715542734943,14,42715,-0.1421535313129425,1.004061937332153,-0.1026016622781753,1.2887425422668457
9059,1689114900,1689115199,18600.17451078608,7.585715542734943,15,43177,0.0504721589386463,1.3332456350326538,-0.1751234978437423,1.0019688606262207
9059,1689115200,1689115499,19491.655025618387,7.949288346500158,0,42744,-0.0716058537364006,1.2400031089782717,-0.0064149214886128,1.026742458343506
9059,1689115200,1689115499,19491.655025618387,7.949288346500158,1,40262,-0.037898164242506,0.9864779710769652,0.1049331948161125,1.2238872051239014
9059,1689115200,1689115499,19491.655025618387,7.949288346500158,2,41073,0.0304070450365543,0.999513864517212,-0.0034917851444333,1.249137043952942
9059,1689115200,1689115499,19491.655025618387,7.949288346500158,3,40153,-0.1277004182338714,1.2714911699295044,-0.0887492820620536,0.9961955547332764
9059,1689115200,1689115499,19491.655025618387,7.949288346500158,4,33532,-0.0264360550791025,1.391582727432251,0.0641169026494026,1.0895226001739502
9059,1689115200,1689115499,19491.655025618387,7.949288346500158,5,24203,-0.0049321767874062,1.165876030921936,0.0156814083456993,1.4397997856140137
9059,1689115200,1689115499,19491.655025618387,7.949288346500158,7,23243,-0.0288476422429084,1.5384951829910278,-0.0261160675436258,1.183809518814087
9059,1689115200,1689115499,19491.655025618387,7.949288346500158,8,46621,-0.0701412409543991,1.2559601068496704,-0.1753558218479156,0.998339593410492
9059,1689115200,1689115499,19491.655025618387,7.949288346500158,9,30955,0.129877820611,1.0189611911773682,-0.0288818832486867,1.2767254114151
9059,1689115200,1689115499,19491.655025618387,7.949288346500158,10,43055,0.1083652973175048,1.0406900644302368,-0.0505973175168037,1.2957137823104858
9059,1689115200,1689115499,19491.655025618387,7.949288346500158,11,46477,-0.0464870072901248,1.2482370138168335,0.1163576543331146,1.031022071838379
9059,1689115200,1689115499,19491.655025618387,7.949288346500158,12,44802,0.1004460081458091,1.2799946069717407,0.0963975340127945,1.0045100450515747
9059,1689115200,1689115499,19491.655025618387,7.949288346500158,13,45291,-0.1092456728219986,1.038508057594299,0.0965494289994239,1.2683355808258057
9059,1689115200,1689115499,19491.655025618387,7.949288346500158,14,42554,-0.1490514576435089,1.0245401859283447,-0.1080031022429466,1.3149648904800415
9059,1689115200,1689115499,19491.655025618387,7.949288346500158,15,43763,0.0402226001024246,1.3058593273162842,-0.1730870753526687,1.004750370979309
9059,1689115500,1689115799,20794.813661898843,8.480755979567228,0,42189,-0.071064256131649,1.2549937963485718,-0.0206938683986663,1.0551472902297974
9059,1689115500,1689115799,20794.813661898843,8.480755979567228,1,39926,-0.0261747054755687,1.018403172492981,0.1048767641186714,1.2521663904190063
9059,1689115500,1689115799,20794.813661898843,8.480755979567228,2,40913,0.029835108667612,1.015621304512024,-0.0117030963301658,1.2674832344055176
9059,1689115500,1689115799,20794.813661898843,8.480755979567228,3,40004,-0.1225388944149017,1.2771425247192385,-0.0899477303028106,1.036186456680298
9059,1689115500,1689115799,20794.813661898843,8.480755979567228,4,33494,-0.0195503421127796,1.4323185682296753,0.0639508143067359,1.1250765323638916
9059,1689115500,1689115799,20794.813661898843,8.480755979567228,5,23959,-0.0120065314695239,1.175519585609436,0.0288987793028354,1.476493239402771
9059,1689115500,1689115799,20794.813661898843,8.480755979567228,7,23586,-0.0137110305950045,1.568992257118225,-0.0124095724895596,1.2002357244491575
9059,1689115500,1689115799,20794.813661898843,8.480755979567228,8,46580,-0.0670710504055023,1.2628638744354248,-0.176126629114151,1.0329822301864624
9059,1689115500,1689115799,20794.813661898843,8.480755979567228,9,30480,0.1406244337558746,1.0097993612289429,-0.0138510204851627,1.2938852310180664
9059,1689115500,1689115799,20794.813661898843,8.480755979567228,10,42488,0.0959569960832595,1.055376648902893,-0.0547366514801979,1.2961746454238892
9059,1689115500,1689115799,20794.813661898843,8.480755979567228,11,46664,-0.0466035529971122,1.2784276008605957,0.1253045946359634,1.043458104133606
9059,1689115500,1689115799,20794.813661898843,8.480755979567228,12,44719,0.1065990924835205,1.2856897115707395,0.0996465682983398,1.0151058435440063
9059,1689115500,1689115799,20794.813661898843,8.480755979567228,13,44997,-0.1131531149148941,1.054606318473816,0.0864140167832374,1.2901657819747925
9059,1689115500,1689115799,20794.813661898843,8.480755979567228,14,42922,-0.1547920107841491,1.0312700271606443,-0.100427433848381,1.3333499431610107
9059,1689115500,1689115799,20794.813661898843,8.480755979567228,15,43902,0.0428022444248199,1.320148229598999,-0.1712263077497482,1.0080888271331787
9059,1689115800,1689116099,20868.894863687303,8.510968541471168,0,41816,-0.0705934911966323,1.2483230829238892,-0.022066431120038,1.050391674041748
9059,1689115800,1689116099,20868.894863687303,8.510968541471168,1,39580,-0.024742979556322,1.033139705657959,0.1008093580603599,1.2390891313552856
9059,1689115800,1689116099,20868.894863687303,8.510968541471168,2,40809,0.044955525547266,1.0002245903015137,0.0038035851903259,1.267884612083435
9059,1689115800,1689116099,20868.894863687303,8.510968541471168,3,39816,-0.1280626803636551,1.282501459121704,-0.0888018161058425,1.047552466392517
9059,1689115800,1689116099,20868.894863687303,8.510968541471168,4,33248,-0.0259696952998638,1.3876631259918213,0.068918876349926,1.1023458242416382
9059,1689115800,1689116099,20868.894863687303,8.510968541471168,5,23692,-0.0240850020200014,1.1940566301345823,0.0205537844449281,1.4778698682785034
9059,1689115800,1689116099,20868.894863687303,8.510968541471168,7,23557,-0.0226515159010887,1.5506324768066406,-0.0211439616978168,1.2202693223953247
9059,1689115800,1689116099,20868.894863687303,8.510968541471168,8,46529,-0.0605838932096958,1.2701257467269895,-0.1776206642389297,1.0302780866622925
9059,1689115800,1689116099,20868.894863687303,8.510968541471168,9,30284,0.1312080174684524,1.0298837423324585,-0.0080616464838385,1.313912272453308
9059,1689115800,1689116099,20868.894863687303,8.510968541471168,10,42782,0.1104006245732307,1.076765537261963,-0.0688283741474151,1.2932060956954956
9059,1689115800,1689116099,20868.894863687303,8.510968541471168,11,46222,-0.0431169047951698,1.2667067050933838,0.125085175037384,1.0565887689590454
9059,1689115800,1689116099,20868.894863687303,8.510968541471168,12,44506,0.1052940115332603,1.2872940301895142,0.0894087553024292,1.0161653757095337
9059,1689115800,1689116099,20868.894863687303,8.510968541471168,13,44585,-0.1056401878595352,1.0472791194915771,0.0850273296236991,1.2831642627716064
9059,1689115800,1689116099,20868.894863687303,8.510968541471168,14,42983,-0.1438255757093429,1.0669039487838743,-0.0926027074456214,1.3193784952163696
9059,1689115800,1689116099,20868.894863687303,8.510968541471168,15,43553,0.0340608805418014,1.3492388725280762,-0.1866613328456878,1.0319236516952517
9059,1689116100,1689116399,20687.572998540847,8.4370199830917,0,41664,-0.0734425410628318,1.240498185157776,-0.0061930841766297,1.01204252243042
9059,1689116100,1689116399,20687.572998540847,8.4370199830917,1,39716,-0.0277120992541313,1.0325865745544434,0.0997698530554771,1.2528789043426514
9059,1689116100,1689116399,20687.572998540847,8.4370199830917,2,41269,0.0326982550323009,1.0144288539886477,-0.0072092465125024,1.2533687353134155
9059,1689116100,1689116399,20687.572998540847,8.4370199830917,3,39990,-0.1324087381362915,1.2749468088150024,-0.0935478955507278,1.0390803813934326
9059,1689116100,1689116399,20687.572998540847,8.4370199830917,4,33258,-0.0153482183814048,1.4088531732559204,0.0725819543004036,1.140841722488403
9059,1689116100,1689116399,20687.572998540847,8.4370199830917,5,23874,-0.0201852545142173,1.181835055351257,0.0221760217100381,1.4668797254562378
9059,1689116100,1689116399,20687.572998540847,8.4370199830917,7,23436,-0.0464457347989082,1.5686421394348145,-0.0267521161586046,1.2327933311462402
9059,1689116100,1689116399,20687.572998540847,8.4370199830917,8,46722,-0.0729453340172767,1.2771542072296145,-0.1777146160602569,1.0266542434692385
9059,1689116100,1689116399,20687.572998540847,8.4370199830917,9,29940,0.1315310299396515,1.0307015180587769,-0.0151865240186452,1.3195258378982544
9059,1689116100,1689116399,20687.572998540847,8.4370199830917,10,42844,0.0931717827916145,1.0513938665390017,-0.0647810921072959,1.3025810718536377
9059,1689116100,1689116399,20687.572998540847,8.4370199830917,11,46607,-0.0491063296794891,1.2842490673065186,0.1130252480506897,1.0555206537246704
9059,1689116100,1689116399,20687.572998540847,8.4370199830917,12,44668,0.1094104498624801,1.2883368730545044,0.0978232622146606,1.043838620185852
9059,1689116100,1689116399,20687.572998540847,8.4370199830917,13,45047,-0.1070581078529357,1.0712103843688965,0.0684891492128372,1.2973530292510986
9059,1689116100,1689116399,20687.572998540847,8.4370199830917,14,42810,-0.1467197239398956,1.0759146213531494,-0.0985508933663368,1.3485939502716064
9059,1689116100,1689116399,20687.572998540847,8.4370199830917,15,43644,0.0283868554979562,1.3461625576019287,-0.1773477494716644,1.014618158340454
9059,1689116400,1689116699,20527.36637232833,8.371682859840266,0,41761,-0.0842580422759056,1.238743782043457,-0.0216250419616699,1.0486716032028198
9059,1689116400,1689116699,20527.36637232833,8.371682859840266,1,39879,-0.0399941466748714,1.025714635848999,0.1050456464290618,1.2534520626068115
9059,1689116400,1689116699,20527.36637232833,8.371682859840266,2,40903,0.0322666503489017,0.9983462691307068,-0.0024966085329651,1.254873514175415
9059,1689116400,1689116699,20527.36637232833,8.371682859840266,3,39698,-0.1209549084305763,1.2924424409866333,-0.0883069857954979,1.0205198526382446
9059,1689116400,1689116699,20527.36637232833,8.371682859840266,4,33005,-0.0226543936878442,1.403869390487671,0.0692329332232475,1.1366820335388184
9059,1689116400,1689116699,20527.36637232833,8.371682859840266,5,23584,0.0014392427401617,1.1851186752319336,0.005720829591155,1.4321932792663574
9059,1689116400,1689116699,20527.36637232833,8.371682859840266,7,23366,-0.027614677324891,1.5474748611450195,-0.018347579985857,1.165954351425171
9059,1689116400,1689116699,20527.36637232833,8.371682859840266,8,46748,-0.0625316947698593,1.2647193670272827,-0.1759788542985916,1.0116416215896606
9059,1689116400,1689116699,20527.36637232833,8.371682859840266,9,29640,0.1405543535947799,1.0186240673065186,-0.0366599559783935,1.2935672998428345
9059,1689116400,1689116699,20527.36637232833,8.371682859840266,10,43248,0.1025406420230865,1.0795408487319946,-0.0650944039225578,1.3071260452270508
9059,1689116400,1689116699,20527.36637232833,8.371682859840266,11,46197,-0.0392609499394893,1.2632503509521484,0.1102160066366195,1.0461757183074951
9059,1689116400,1689116699,20527.36637232833,8.371682859840266,12,44748,0.1119340807199478,1.2743337154388428,0.1054155230522155,1.0279959440231323
9059,1689116400,1689116699,20527.36637232833,8.371682859840266,13,44778,-0.0989655405282974,1.0543885231018066,0.088273674249649,1.2829687595367432
9059,1689116400,1689116699,20527.36637232833,8.371682859840266,14,42685,-0.1523940414190292,1.0394303798675537,-0.1022687628865242,1.313301920890808
9059,1689116400,1689116699,20527.36637232833,8.371682859840266,15,43728,0.0365762673318386,1.3365530967712402,-0.1785753965377807,1.003505825996399
9059,1689116700,1689116999,20845.46589558446,8.501413497383549,0,41959,-0.0659411773085594,1.247786045074463,-0.0126009983941912,1.0451197624206543
9059,1689116700,1689116999,20845.46589558446,8.501413497383549,1,39532,-0.0309872794896364,1.0309391021728516,0.0898192226886749,1.2807670831680298
9059,1689116700,1689116999,20845.46589558446,8.501413497383549,2,40992,0.0392805077135562,0.9908588528633118,0.0022248800378292,1.2740416526794434
9059,1689116700,1689116999,20845.46589558446,8.501413497383549,3,39995,-0.1284011453390121,1.2641611099243164,-0.0892278552055358,1.0346341133117676
9059,1689116700,1689116999,20845.46589558446,8.501413497383549,4,32733,-0.0137831270694732,1.4026669263839722,0.082421101629734,1.1220821142196655
9059,1689116700,1689116999,20845.46589558446,8.501413497383549,5,23837,-0.0146084409207105,1.177373290061951,0.0243764463812112,1.4829005002975464
9059,1689116700,1689116999,20845.46589558446,8.501413497383549,7,23623,-0.055024180561304,1.5609694719314575,-0.0432265624403953,1.1992223262786863
9059,1689116700,1689116999,20845.46589558446,8.501413497383549,8,46663,-0.0675547197461128,1.2764103412628174,-0.1747205406427383,1.0316346883773804
9059,1689116700,1689116999,20845.46589558446,8.501413497383549,9,29571,0.1357968896627426,1.0202528238296509,-0.0221762843430042,1.3332157135009766
9059,1689116700,1689116999,20845.46589558446,8.501413497383549,10,42587,0.0980681851506233,1.086306095123291,-0.0728124305605888,1.3077975511550903
9059,1689116700,1689116999,20845.46589558446,8.501413497383549,11,45978,-0.0376069098711013,1.2391586303710938,0.0972794368863105,1.0510649681091309
9059,1689116700,1689116999,20845.46589558446,8.501413497383549,12,44819,0.1018827557563781,1.2921106815338137,0.0988793149590492,1.0507469177246094
9059,1689116700,1689116999,20845.46589558446,8.501413497383549,13,45270,-0.1085311993956565,1.0647873878479004,0.0810287669301033,1.276312232017517
9059,1689116700,1689116999,20845.46589558446,8.501413497383549,14,43270,-0.1535005569458007,1.0318320989608765,-0.0892726108431816,1.3263658285140991
9059,1689116700,1689116999,20845.46589558446,8.501413497383549,15,43730,0.0275205951184034,1.3423861265182495,-0.170300006866455,1.013769030570984
9059,1689117000,1689117299,21130.78177111316,8.617773968643213,0,42333,-0.0758773982524871,1.241904377937317,-0.0182358119636774,1.0274072885513306
9059,1689117000,1689117299,21130.78177111316,8.617773968643213,1,39894,-0.0295267589390277,1.0331937074661257,0.0998677760362625,1.2498263120651243
9059,1689117000,1689117299,21130.78177111316,8.617773968643213,2,40997,0.040125660598278,1.007949948310852,0.0081467265263199,1.2817609310150146
9059,1689117000,1689117299,21130.78177111316,8.617773968643213,3,40062,-0.1179355010390281,1.289302110671997,-0.0918652415275573,1.0298032760620115
9059,1689117000,1689117299,21130.78177111316,8.617773968643213,4,33065,-0.0141000859439373,1.4303898811340332,0.0747432932257652,1.1572362184524536
9059,1689117000,1689117299,21130.78177111316,8.617773968643213,5,24153,-0.0097421072423458,1.1964802742004397,0.0203213095664978,1.4615241289138794
9059,1689117000,1689117299,21130.78177111316,8.617773968643213,7,23373,-0.0253307539969682,1.5516881942749023,-0.0254041254520416,1.2043721675872805
9059,1689117000,1689117299,21130.78177111316,8.617773968643213,8,46831,-0.0640045404434204,1.2847670316696167,-0.1709569543600082,1.03610360622406
9059,1689117000,1689117299,21130.78177111316,8.617773968643213,9,29941,0.1322636157274246,1.019656538963318,-0.0210656691342592,1.3278615474700928
9059,1689117000,1689117299,21130.78177111316,8.617773968643213,10,42851,0.0940935984253883,1.0619522333145142,-0.0770118162035942,1.32329523563385
9059,1689117000,1689117299,21130.78177111316,8.617773968643213,11,46213,-0.0384791865944862,1.287567377090454,0.09986063092947,1.0759156942367554
9059,1689117000,1689117299,21130.78177111316,8.617773968643213,12,44526,0.1054414883255958,1.3024513721466064,0.0996228158473968,1.0591270923614502
9059,1689117000,1689117299,21130.78177111316,8.617773968643213,13,44726,-0.1114624813199043,1.0592767000198364,0.0848042741417884,1.3018652200698853
9059,1689117000,1689117299,21130.78177111316,8.617773968643213,14,42628,-0.1467937529087066,1.0449981689453125,-0.0900269895792007,1.3352869749069214
9059,1689117000,1689117299,21130.78177111316,8.617773968643213,15,44052,0.0365827232599258,1.3534798622131348,-0.1738576591014862,1.0210729837417605
9059,1689117300,1689117599,20968.51568104053,8.551596933540184,0,41785,-0.0827790796756744,1.2510218620300293,-0.0187657196074724,1.0413893461227417
9059,1689117300,1689117599,20968.51568104053,8.551596933540184,1,39777,-0.0230964440852403,1.044727802276611,0.1015119478106498,1.265200972557068
9059,1689117300,1689117599,20968.51568104053,8.551596933540184,2,40778,0.0364684350788593,1.006614089012146,0.0003291751199867,1.2590086460113523
9059,1689117300,1689117599,20968.51568104053,8.551596933540184,3,39664,-0.1337180137634277,1.2832306623458862,-0.0852289572358131,1.029731035232544
9059,1689117300,1689117599,20968.51568104053,8.551596933540184,4,33070,-0.0160976741462945,1.4138810634613037,0.0688063502311706,1.140183687210083
9059,1689117300,1689117599,20968.51568104053,8.551596933540184,5,24004,-0.0123027777299284,1.2232139110565186,0.0299151446670293,1.4819453954696655
9059,1689117300,1689117599,20968.51568104053,8.551596933540184,7,23274,-0.0318671502172946,1.5461264848709106,-0.0274247080087661,1.204053521156311
9059,1689117300,1689117599,20968.51568104053,8.551596933540184,8,46434,-0.0726542621850967,1.2529386281967163,-0.1783393621444702,1.0326753854751587
9059,1689117300,1689117599,20968.51568104053,8.551596933540184,9,29771,0.1278320997953415,1.0346319675445557,-0.0291591715067625,1.3218177556991575
9059,1689117300,1689117599,20968.51568104053,8.551596933540184,10,43433,0.0886383056640625,1.0712624788284302,-0.0789859965443611,1.3000890016555786
9059,1689117300,1689117599,20968.51568104053,8.551596933540184,11,46078,-0.0347417145967483,1.2765012979507446,0.1043869256973266,1.0549485683441162
9059,1689117300,1689117599,20968.51568104053,8.551596933540184,12,44706,0.0943170040845871,1.2863749265670776,0.0993921384215354,1.006125569343567
9059,1689117300,1689117599,20968.51568104053,8.551596933540184,13,44870,-0.1014678478240966,1.0580371618270874,0.0876131653785705,1.2938759326934814
9059,1689117300,1689117599,20968.51568104053,8.551596933540184,14,42950,-0.136877104640007,1.0665239095687866,-0.0954118147492408,1.345815896987915
9059,1689117300,1689117599,20968.51568104053,8.551596933540184,15,43580,0.0403592102229595,1.3438392877578735,-0.1726564019918441,1.024555802345276
9059,1689117600,1689117899,20806.347851463157,8.485459972048595,0,42029,-0.0796039551496505,1.237036108970642,-0.0187305342406034,1.0289942026138306
9059,1689117600,1689117899,20806.347851463157,8.485459972048595,1,39426,-0.02829778380692,1.0523301362991333,0.0996206551790237,1.2618021965026855
9059,1689117600,1689117899,20806.347851463157,8.485459972048595,2,41052,0.039844911545515,0.9873210787773132,-0.0099727744236588,1.2589917182922363
9059,1689117600,1689117899,20806.347851463157,8.485459972048595,3,40007,-0.1244145184755325,1.2916994094848633,-0.093043029308319,1.0477806329727173
9059,1689117600,1689117899,20806.347851463157,8.485459972048595,4,33143,-0.0190271325409412,1.4229627847671509,0.0668672993779182,1.148690104484558
9059,1689117600,1689117899,20806.347851463157,8.485459972048595,5,23984,-0.0201879665255546,1.2034450769424438,0.022085839882493,1.475653052330017
9059,1689117600,1689117899,20806.347851463157,8.485459972048595,7,23417,-0.0278000682592391,1.5857559442520142,-0.0256080944091081,1.2183023691177368
9059,1689117600,1689117899,20806.347851463157,8.485459972048595,8,46842,-0.060851264744997,1.2731683254241943,-0.1673446893692016,1.027683973312378
9059,1689117600,1689117899,20806.347851463157,8.485459972048595,9,29843,0.1263850480318069,1.03034770488739,-0.0368066653609275,1.3213632106781006
9059,1689117600,1689117899,20806.347851463157,8.485459972048595,10,43033,0.0954899415373802,1.054662585258484,-0.0872410833835601,1.285234451293945
9059,1689117600,1689117899,20806.347851463157,8.485459972048595,11,45980,-0.0406793616712093,1.273803472518921,0.1030196771025657,1.0732961893081665
9059,1689117600,1689117899,20806.347851463157,8.485459972048595,12,44758,0.0903786122798919,1.286513328552246,0.0867133140563964,1.027168869972229
9059,1689117600,1689117899,20806.347851463157,8.485459972048595,13,44730,-0.1022315323352813,1.052965521812439,0.0924327298998832,1.2763277292251587
9059,1689117600,1689117899,20806.347851463157,8.485459972048595,14,42808,-0.1454245746135711,1.0337870121002195,-0.0872933492064476,1.3233588933944702
9059,1689117600,1689117899,20806.347851463157,8.485459972048595,15,43734,0.0291424077004194,1.3387229442596436,-0.1622591465711593,1.0328179597854614
9059,1689117900,1689118199,20662.756363869303,8.426899006471983,0,42031,-0.0816258415579795,1.2426358461380005,-0.0161162782460451,1.0293210744857788
9059,1689117900,1689118199,20662.756363869303,8.426899006471983,1,39413,-0.027459442615509,1.0205872058868408,0.1013908386230468,1.2417007684707642
9059,1689117900,1689118199,20662.756363869303,8.426899006471983,2,41150,0.046961311250925,1.019774079322815,0.0055825868621468,1.2808313369750977
9059,1689117900,1689118199,20662.756363869303,8.426899006471983,3,40152,-0.119797259569168,1.2877824306488037,-0.0866098701953888,1.0375205278396606
9059,1689117900,1689118199,20662.756363869303,8.426899006471983,4,33066,-0.0063413237221539,1.3825950622558594,0.0668246895074844,1.122979998588562
9059,1689117900,1689118199,20662.756363869303,8.426899006471983,5,24086,-0.0092045832425355,1.1792666912078855,0.0152547536417841,1.4611613750457764
9059,1689117900,1689118199,20662.756363869303,8.426899006471983,7,23118,-0.0278316438198089,1.537388801574707,-0.0233746692538261,1.2003087997436523
9059,1689117900,1689118199,20662.756363869303,8.426899006471983,8,46715,-0.0785877034068107,1.2770395278930664,-0.182603970170021,1.029191017150879
9059,1689117900,1689118199,20662.756363869303,8.426899006471983,9,29814,0.1366347968578338,0.9960566163063048,-0.0154124740511178,1.3021681308746338
9059,1689117900,1689118199,20662.756363869303,8.426899006471983,10,42988,0.0891695246100425,1.0660557746887207,-0.0837879180908203,1.293641209602356
9059,1689117900,1689118199,20662.756363869303,8.426899006471983,11,45846,-0.0382003560662269,1.2729319334030151,0.0904727578163147,1.0423589944839478
9059,1689117900,1689118199,20662.756363869303,8.426899006471983,12,45155,0.0900386646389961,1.2803971767425537,0.0953017398715019,1.0146698951721191
9059,1689117900,1689118199,20662.756363869303,8.426899006471983,13,45362,-0.1044155657291412,1.0314983129501345,0.077555738389492,1.2639626264572144
9059,1689117900,1689118199,20662.756363869303,8.426899006471983,14,42573,-0.1454892009496688,1.0602858066558838,-0.1103646382689476,1.342782497406006
9059,1689117900,1689118199,20662.756363869303,8.426899006471983,15,43918,0.032762061804533,1.3344600200653076,-0.1748642772436142,1.0349140167236328
9059,1689118200,1689118499,20507.156962946385,8.363440849488738,0,42128,-0.0748496949672699,1.2462421655654907,-0.0244649481028318,1.0265452861785889
9059,1689118200,1689118499,20507.156962946385,8.363440849488738,1,40464,-0.0286569148302078,1.0285307168960571,0.0926870703697204,1.2584954500198364
9059,1689118200,1689118499,20507.156962946385,8.363440849488738,2,41398,0.0436046235263347,0.9984180331230164,0.0017122393473982,1.2515217065811155
9059,1689118200,1689118499,20507.156962946385,8.363440849488738,3,40147,-0.1126237884163856,1.2844882011413574,-0.0893188565969467,1.035549521446228
9059,1689118200,1689118499,20507.156962946385,8.363440849488738,4,33006,-0.023924496024847,1.41326904296875,0.0714731439948082,1.1456228494644165
9059,1689118200,1689118499,20507.156962946385,8.363440849488738,5,23523,-0.018190573900938,1.2013328075408936,0.0119665591046214,1.4684404134750366
9059,1689118200,1689118499,20507.156962946385,8.363440849488738,7,23149,-0.0245266295969486,1.5574525594711304,-0.0300204697996377,1.201816201210022
9059,1689118200,1689118499,20507.156962946385,8.363440849488738,8,46730,-0.0675344243645668,1.26293683052063,-0.1704801470041275,1.0327448844909668
9059,1689118200,1689118499,20507.156962946385,8.363440849488738,9,29737,0.1348123401403427,1.041406750679016,-0.0123044364154338,1.318191409111023
9059,1689118200,1689118499,20507.156962946385,8.363440849488738,10,43089,0.0940308570861816,1.0575870275497437,-0.079331636428833,1.288106918334961
9059,1689118200,1689118499,20507.156962946385,8.363440849488738,11,45949,-0.0294328983873128,1.2691364288330078,0.0829657092690467,1.0385758876800537
9059,1689118200,1689118499,20507.156962946385,8.363440849488738,12,45025,0.1098893955349922,1.2828651666641235,0.1061351299285888,1.0262413024902344
9059,1689118200,1689118499,20507.156962946385,8.363440849488738,13,44743,-0.1119061112403869,1.0615228414535522,0.0765824541449546,1.2689008712768557
9059,1689118200,1689118499,20507.156962946385,8.363440849488738,14,43187,-0.1427012085914611,1.0622726678848269,-0.0845382139086723,1.3272801637649536
9059,1689118200,1689118499,20507.156962946385,8.363440849488738,15,43557,0.0398689545691013,1.3435204029083252,-0.1772783994674682,1.0097721815109253
9059,1689118500,1689118799,20912.47559701792,8.528742086875171,0,41521,-0.0773807391524314,1.2459896802902222,-0.0168360881507396,1.0391584634780884
9059,1689118500,1689118799,20912.47559701792,8.528742086875171,1,39685,-0.0287173632532358,1.0422900915145874,0.0998601466417312,1.2821303606033323
9059,1689118500,1689118799,20912.47559701792,8.528742086875171,2,41255,0.0379426442086696,0.99900221824646,-0.0092918649315834,1.2729803323745728
9059,1689118500,1689118799,20912.47559701792,8.528742086875171,3,39633,-0.1275622993707656,1.287463665008545,-0.0829367637634277,1.04269540309906
9059,1689118500,1689118799,20912.47559701792,8.528742086875171,4,33071,-0.0248551610857248,1.437488675117493,0.0743475705385208,1.1460942029953003
9059,1689118500,1689118799,20912.47559701792,8.528742086875171,5,23652,-0.0162491016089916,1.1741433143615725,0.0179882161319255,1.4471911191940308
9059,1689118500,1689118799,20912.47559701792,8.528742086875171,7,23191,-0.0211517680436372,1.5826711654663086,-0.0172421280294656,1.2214339971542358
9059,1689118500,1689118799,20912.47559701792,8.528742086875171,8,46684,-0.0667204856872558,1.2720715999603271,-0.1654585897922516,1.0266720056533811
9059,1689118500,1689118799,20912.47559701792,8.528742086875171,9,29897,0.1402267217636108,1.0255061388015747,-0.0084483213722705,1.302135705947876
9059,1689118500,1689118799,20912.47559701792,8.528742086875171,10,43152,0.0857008248567581,1.062774658203125,-0.0760481059551239,1.2862521409988403
9059,1689118500,1689118799,20912.47559701792,8.528742086875171,11,45860,-0.0297161880880594,1.2710705995559692,0.0866824015974998,1.0358819961547852
9059,1689118500,1689118799,20912.47559701792,8.528742086875171,12,45053,0.1067904159426689,1.3028510808944702,0.1041518524289131,1.03476083278656
9059,1689118500,1689118799,20912.47559701792,8.528742086875171,13,45238,-0.1014221310615539,1.0773411989212036,0.0900659784674644,1.2993406057357788
9059,1689118500,1689118799,20912.47559701792,8.528742086875171,14,42977,-0.1397385746240615,1.06556236743927,-0.0974257737398147,1.344998121261597
9059,1689118500,1689118799,20912.47559701792,8.528742086875171,15,43721,0.0237531047314405,1.331515550613403,-0.1685553193092346,1.0076221227645874
9059,1689118800,1689119099,20963.789561553,8.549669478610522,0,41687,-0.0837030038237571,1.2423923015594482,-0.0253091249614954,1.0167580842971802
9059,1689118800,1689119099,20963.789561553,8.549669478610522,1,40001,-0.0320825316011905,1.020631194114685,0.0984324663877487,1.2473504543304443
9059,1689118800,1689119099,20963.789561553,8.549669478610522,2,40965,0.0386131778359413,1.0108751058578491,0.003336819121614,1.256756067276001
9059,1689118800,1689119099,20963.789561553,8.549669478610522,3,40176,-0.1283579021692276,1.2895587682724,-0.0877521261572837,1.0430593490600586
9059,1689118800,1689119099,20963.789561553,8.549669478610522,4,33442,-0.0274973697960376,1.387912034988403,0.0680710822343826,1.130189299583435
9059,1689118800,1689119099,20963.789561553,8.549669478610522,5,23674,-0.0244856961071491,1.2142053842544556,0.0306629445403814,1.4754745960235596
9059,1689118800,1689119099,20963.789561553,8.549669478610522,7,23347,-0.0352247208356857,1.569308161735535,-0.016774371266365,1.2133983373641968
9059,1689118800,1689119099,20963.789561553,8.549669478610522,8,46311,-0.0613990724086761,1.271195411682129,-0.1628496199846267,1.0301284790039062
9059,1689118800,1689119099,20963.789561553,8.549669478610522,9,29711,0.1361370980739593,1.037104845046997,0.0039006632287055,1.3138031959533691
9059,1689118800,1689119099,20963.789561553,8.549669478610522,10,43002,0.087281621992588,1.043936014175415,-0.0782421305775642,1.2976651191711426
9059,1689118800,1689119099,20963.789561553,8.549669478610522,11,46265,-0.0310235377401113,1.262976050376892,0.0891058444976806,1.0461950302124023
9059,1689118800,1689119099,20963.789561553,8.549669478610522,12,44935,0.1101736277341842,1.2914986610412598,0.0961853414773941,1.0250449180603027
9059,1689118800,1689119099,20963.789561553,8.549669478610522,13,44886,-0.105148896574974,1.0466763973236084,0.0759703963994979,1.2917996644973757
9059,1689118800,1689119099,20963.789561553,8.549669478610522,14,42749,-0.1544746160507202,1.053484320640564,-0.0905226916074752,1.3294531106948853
9059,1689118800,1689119099,20963.789561553,8.549669478610522,15,43626,0.0365133993327617,1.3346240520477295,-0.1726309359073639,1.0249645709991455
9059,1689119100,1689119399,20919.148496311307,8.531463497679978,0,41511,-0.0755298882722854,1.2601206302642822,-0.0189703200012445,1.0423392057418823
9059,1689119100,1689119399,20919.148496311307,8.531463497679978,1,39714,-0.0275951363146305,1.0469313859939575,0.0943913608789444,1.2596620321273804
9059,1689119100,1689119399,20919.148496311307,8.531463497679978,2,41013,0.0471229590475559,1.0127480030059814,0.0051356102339923,1.2796919345855713
9059,1689119100,1689119399,20919.148496311307,8.531463497679978,3,39927,-0.1174143552780151,1.2979801893234253,-0.0901693776249885,1.0368947982788086
9059,1689119100,1689119399,20919.148496311307,8.531463497679978,4,32777,-0.0232189111411571,1.4084737300872805,0.0849195420742034,1.1360805034637451
9059,1689119100,1689119399,20919.148496311307,8.531463497679978,5,23624,-0.0218392722308635,1.17350435256958,0.0281690936535596,1.4539176225662231
9059,1689119100,1689119399,20919.148496311307,8.531463497679978,7,23073,-0.0248799510300159,1.5459494590759275,-0.0260173939168453,1.226074457168579
9059,1689119100,1689119399,20919.148496311307,8.531463497679978,8,46646,-0.0596113130450248,1.2753111124038696,-0.1666846126317978,1.0347434282302856
9059,1689119100,1689119399,20919.148496311307,8.531463497679978,9,29483,0.1323987990617752,1.0466058254241943,-0.0199552029371261,1.32660973072052
9059,1689119100,1689119399,20919.148496311307,8.531463497679978,10,42811,0.0959747806191444,1.0633838176727295,-0.0796031057834625,1.3086386919021606
9059,1689119100,1689119399,20919.148496311307,8.531463497679978,11,45885,-0.0392055138945579,1.2883957624435425,0.089927889406681,1.0659737586975098
9059,1689119100,1689119399,20919.148496311307,8.531463497679978,12,44988,0.0880405157804489,1.2789956331253052,0.1009178757667541,1.0166670083999634
9059,1689119100,1689119399,20919.148496311307,8.531463497679978,13,45319,-0.1035037711262703,1.052160143852234,0.0880659371614456,1.309078335762024
9059,1689119100,1689119399,20919.148496311307,8.531463497679978,14,42695,-0.134520798921585,1.0431435108184814,-0.091781198978424,1.3297377824783323
9059,1689119100,1689119399,20919.148496311307,8.531463497679978,15,43631,0.028999438509345,1.3322672843933103,-0.1837557405233383,0.998921275138855
9059,1689119400,1689119699,20717.013585823697,8.449026747888947,0,41800,-0.0763951316475868,1.2484383583068848,-0.017150392755866,1.0331740379333496
9059,1689119400,1689119699,20717.013585823697,8.449026747888947,1,40071,-0.0321049876511096,1.0241985321044922,0.0967924296855926,1.2652671337127686
9059,1689119400,1689119699,20717.013585823697,8.449026747888947,2,41256,0.0492936857044696,0.9816202521324158,-0.0008159241988323,1.250773310661316
9059,1689119400,1689119699,20717.013585823697,8.449026747888947,3,40053,-0.1207510754466056,1.282655119895935,-0.0865978226065635,1.0451693534851074
9059,1689119400,1689119699,20717.013585823697,8.449026747888947,4,33113,-0.0229929834604263,1.4046399593353271,0.0740635246038436,1.1399879455566406
9059,1689119400,1689119699,20717.013585823697,8.449026747888947,5,24018,-0.0311479978263378,1.1974310874938965,0.0316565036773681,1.4723989963531494
9059,1689119400,1689119699,20717.013585823697,8.449026747888947,7,23168,-0.0375380292534828,1.555683732032776,-0.0160787664353847,1.2062194347381592
9059,1689119400,1689119699,20717.013585823697,8.449026747888947,8,46784,-0.0613328292965889,1.2874244451522827,-0.1669647544622421,1.020252346992493
9059,1689119400,1689119699,20717.013585823697,8.449026747888947,9,29586,0.1338399648666381,1.008976936340332,-0.0157974753528833,1.3323357105255127
9059,1689119400,1689119699,20717.013585823697,8.449026747888947,10,43011,0.093302771449089,1.0507341623306274,-0.087150789797306,1.285226821899414
9059,1689119400,1689119699,20717.013585823697,8.449026747888947,11,46167,-0.0186729785054922,1.2903964519500732,0.0707095190882682,1.0478800535202026
9059,1689119400,1689119699,20717.013585823697,8.449026747888947,12,45289,0.0946095511317253,1.27847421169281,0.099047414958477,1.052032232284546
9059,1689119400,1689119699,20717.013585823697,8.449026747888947,13,45276,-0.1072877272963523,1.0440856218338013,0.0784061327576637,1.2834824323654177
9059,1689119400,1689119699,20717.013585823697,8.449026747888947,14,43251,-0.1444080173969268,1.0588982105255127,-0.0902969092130661,1.3234293460845947
9059,1689119400,1689119699,20717.013585823697,8.449026747888947,15,43546,0.0279832854866981,1.3423634767532349,-0.1804482638835907,1.0220842361450195
