fill,channel,h,t1,t2,ntracks_time,ntracks_resi,bkg_frac,bkg_frac_e,bkg_m0,bkg_m0_e,bkg_s0,bkg_s0_e,BSX_y,BSX_y_std,BSX_z,BSX_z_std,BSY_x,BSY_x_std,BSY_z,BSY_z_std,BSZ_x,BSZ_x_std,BSZ_y,BSZ_y_std,chi2
8236,0,10,1665152241,1665152241,1,0,0.4999999906681991,0.3605313777222589,0.013189033918953645,0.01591173337944275,0.01000005483832628,0.005045273790526054,-54.734894,,-1781.0618,,4.2693224,,110.94729,,4.0189695,,-3.2096503,,-0.33601160148834097
8236,1,10,1665152243,1665152699,12790,0,3.911262980160757e-11,0.00076559105969988,0.026919942817911026,0.021700566726970256,0.010000000027687582,0.055343901857438704,-0.14933933,9.359216,-10.154077,307.3985,-1.2300313,71.35339,-44.38278,2215.291,0.10347644,0.82555634,0.090243615,1.1102523,23.603715739972863
8236,2,10,1665152699,1665153000,38864,0,0.007001736564460764,0.0016440332951841025,0.012016049571199932,0.0032659278416751194,0.014446094456746685,0.0014525658997160693,1.1404107,183.78487,36.09713,7159.398,-1.5246872,127.33067,-63.131805,4965.3145,0.1151108,0.8940642,0.11068028,1.1635233,64.35030234763835
8236,3,10,1665153000,1665153299,45867,0,0.0071329390382034175,0.0011313369154222624,0.010000000000731944,0.0037380751440563333,0.016152536881784522,0.001647275368513927,0.084412314,34.1383,0.29736078,1322.7424,-9.3436985,2044.2013,-271.42438,56142.17,0.11393802,0.91704816,0.111797936,1.1743879,78.67474122290656
8236,4,10,1665153299,1665153600,42490,0,0.01071711305297876,0.0022051465120441344,0.016092587067956347,0.0038922197747822476,0.01624787227056584,0.0019693034826275026,0.7461983,147.20758,-17.15149,6280.511,-7.5302887,1046.8173,-278.72995,39397.77,0.1252997,0.9130278,0.109050535,1.1787792,65.89287175867145
8236,5,10,1665153600,1665153899,28308,0,0.004961861829275438,0.0011115487833114196,0.010000102334446233,0.0029683897263193555,0.015555072231852192,0.001804393910071032,-0.40151238,188.39024,-7.9646754,5226.641,-8.016192,999.01654,-308.6868,38352.996,0.12626223,0.8983977,0.091874495,1.1612145,45.03241477155279
8236,6,10,1665153899,1665154200,39027,0,0.0064348868970943995,0.0013464227166679887,0.010000000015003393,0.005676154602041473,0.014305889069956123,0.0014867249451424123,0.054383848,16.179792,-4.6422987,632.0439,-1.7241577,169.48354,-111.518105,13066.207,0.12359981,0.88449913,0.11030349,1.1423588,63.62337987548301
8236,7,10,1665154200,1665154499,45855,0,0.007419447627945941,0.008517885049884558,0.010000001468396354,0.01975283993920346,0.013833019441315883,0.008889376157439045,-5.3811016,764.5269,-165.14624,24216.883,-1.9674759,194.65175,-78.064606,7377.1465,0.11971732,0.92480385,0.10092008,1.1893148,72.67721511070589
8236,8,10,1665154499,1665154800,47418,0,0.009661040844613722,0.0008925861600551782,0.01000000000358728,0.01844941668293041,0.014088502891381156,0.0007789428827618631,-0.11509008,19.177696,-6.813949,661.8183,-38.14368,7975.573,-1195.2484,249657.02,0.13010265,0.93760836,0.10597589,1.1832008,75.44481388303885
8236,9,10,1665154800,1665155099,47257,0,0.019890087474296964,0.0016442116785136685,0.023313282380841977,0.001187803485535141,0.019513768401982698,0.0007550545075298409,-0.80462515,142.56068,7.6396327,4740.7607,-1.9885563,142.56163,-88.07537,5585.8916,0.13228908,0.96938634,0.10797034,1.1921363,76.87179457238729
8236,10,10,1665155099,1665155400,47897,0,0.019000361200208593,0.001757188589619027,0.019675738536313797,0.0016821812639488086,0.01753541240361544,0.0009897175422395807,-0.0062393076,15.788923,-1.6115724,1055.2664,-1.1347027,89.92023,-52.01898,3350.9314,0.13729061,0.96324134,0.10914782,1.2141399,76.39037976488765
8236,11,10,1665155400,1665155699,47686,0,0.018369604800527545,0.001701547491844091,0.02023136776608629,0.001713758795568874,0.018056828733555266,0.0010528948527109786,1.2715799,248.76495,126.19306,28694.914,13.14133,3166.649,223.9043,60637.766,0.13209805,0.95455927,0.10535895,1.2120754,73.58383609421338
8236,12,10,1665155699,1665156000,47778,0,0.021812894218080525,0.0016918333914629907,0.020678849003675403,0.0012887395382630024,0.018444484127571575,0.0007694330735634417,0.014450237,41.36904,15.674929,4370.0273,-0.3343782,120.8035,-14.84494,4555.4688,0.13329764,0.98118395,0.106165364,1.2187155,71.69551504888602
8236,13,10,1665156000,1665156299,47412,0,0.021199907603731027,0.0016707686778218295,0.0224671927194667,0.0011601435159872935,0.01903583929971913,0.0007223405416918703,0.6083959,202.58571,7.926427,6796.961,6.0043845,1438.639,194.76317,49237.996,0.12577865,0.97218144,0.109733045,1.2180011,71.92312904533695
8236,14,10,1665156299,1665156600,48296,0,0.025205291619496306,0.0016989865304734286,0.022780081288832313,0.000983668438313913,0.018919635292071732,0.0006484047979600869,-0.0030198905,63.690926,-16.66947,1716.8749,2.5491211,719.3693,30.552551,13903.509,0.12752041,0.986629,0.108561605,1.2362556,76.14979171817973
8236,15,10,1665156600,1665156899,47667,0,0.02183923638615559,0.0016974708388212828,0.019509755421686974,0.0013474707059521022,0.018610028602357352,0.000799307678623221,-0.16806781,22.396774,-10.051637,1434.1685,-1.1291867,87.96236,-34.002228,3437.1042,0.14232533,0.9916817,0.10049139,1.2273766,73.94951433126805
8236,16,10,1665156899,1665157200,47691,0,0.023724449296905398,0.0016626635373900578,0.020976775881113623,0.0011359911230542,0.019245639741525065,0.0007091923060507915,-0.15243182,60.651745,-29.638899,4796.1626,-1.3234931,157.86278,-57.849525,4852.525,0.13403837,0.99387527,0.109730005,1.2241732,78.02896988055771
8236,17,10,1665157200,1665157499,47656,0,0.025471757604315998,0.0017036905666042018,0.022096534115440214,0.0009822507274014226,0.019330281254164975,0.0006236406300768483,-0.23252243,32.281998,-6.5958643,1464.9531,-0.35406375,219.56396,-18.141771,7139.3315,0.12577108,0.9888138,0.11386703,1.239474,72.62569219543842
8236,18,10,1665157499,1665157800,47742,0,0.023270645599180573,0.0017080152660357284,0.021120128198434777,0.0011151559171431007,0.018512975389922255,0.0006791181576051592,-0.001397915,94.657326,-45.026466,4814.0894,-0.7515964,73.71847,-33.15105,2691.9775,0.13378814,0.97161293,0.10548966,1.2307799,77.07330125064414
8236,19,10,1665157800,1665158099,47723,0,0.024439359158872465,0.0016965330540101575,0.02140799111429989,0.001046044893324485,0.01916018660127974,0.000664985850280091,0.15197085,87.79929,-23.536926,2395.11,-2.4409127,342.28262,-81.45613,9633.553,0.1375982,0.9914362,0.104212455,1.231047,74.60950924533148
8236,20,10,1665158099,1665158400,48269,0,0.025770047419430647,0.001740989339550733,0.023478740332917043,0.0009237739065640783,0.018793240714774423,0.0006217795329587616,0.5772946,117.31719,-29.418636,9713.194,-1.8333136,902.07806,-68.25738,20227.072,0.12402977,0.9945651,0.11426937,1.2176616,73.36497474889384
8236,21,10,1665158400,1665158699,47633,0,0.023862054839362046,0.0016588678139679153,0.022459058158059608,0.0010775809521406787,0.019342413087240575,0.0007006116161626715,0.1531131,25.172544,-13.279499,1397.4794,-1.2620053,117.57641,-49.45925,3648.4995,0.12968114,0.9850375,0.11475029,1.2338514,71.10063005798746
8236,22,10,1665158699,1665159000,48144,0,0.02190605952706734,0.0016427909204688312,0.023436057416296615,0.0010686474944573612,0.019809827894986295,0.000679718548677306,0.014990926,36.385918,-0.110501826,1773.9037,-4.399138,651.25885,-196.67445,31056.47,0.12380824,0.9829306,0.09339334,1.219606,69.9931872037887
8236,23,10,1665159000,1665159299,48092,0,0.019627162088135974,0.001637542988882662,0.021288362304866332,0.001326064813685397,0.018998018099201264,0.000810777017287493,0.029965922,73.11607,-11.435943,5556.247,-1.6322272,89.353264,-64.690056,3167.632,0.1286046,0.96649796,0.10484247,1.2179238,77.58480988962732
8236,24,10,1665159299,1665159600,48176,0,0.024446862961676502,0.001697294169285976,0.021724874866248772,0.0010609453003141752,0.018557689525017455,0.0006507190163947962,-0.39049652,82.2013,-7.835529,3404.9182,-1.2871898,69.68212,-49.645164,2498.0945,0.12796776,0.9825294,0.097939685,1.2295383,73.0937015714364
8236,25,10,1665159600,1665159899,48111,0,0.022184243265187364,0.001688759260993225,0.021633422412200662,0.0011855571757096867,0.01833853541741059,0.0007398339724766015,-0.13292019,30.249094,-11.053276,1173.0717,-1.3632394,76.07037,-53.24311,2746.0474,0.12560119,0.9822827,0.10425579,1.2116402,75.3119878506898
8236,26,10,1665159899,1665160200,47778,0,0.01889680105677452,0.0016026890733037147,0.020808881632272413,0.0013560242541145288,0.01975336482657443,0.0007826951534758153,0.01973621,57.567276,-13.710575,3176.6985,-3.4465306,293.9553,-118.08079,10297.289,0.12590738,0.97335994,0.10333755,1.2103157,73.28474840983088
8236,27,10,1665160200,1665160499,48237,0,0.02002071308428116,0.0016649772881175695,0.021936992546356265,0.0012707169491516287,0.01849759296263695,0.0008002393282326974,-1.5870268,348.66855,-69.32749,14069.149,-0.37990135,294.53125,-14.476046,10974.501,0.12492703,0.9524658,0.10521983,1.2138021,74.3750152535209
8236,28,10,1665160499,1665160800,48572,0,0.01773520848828808,0.0016190724322997507,0.021208173656491802,0.0014163720972587505,0.01904068483241534,0.0008527316233654103,-0.16174269,33.34698,-30.116425,2200.515,-0.6722525,188.85878,-26.038834,8743.713,0.1183144,0.9486326,0.1078142,1.2188569,74.28074601284993
8236,29,10,1665160800,1665161099,47799,0,0.022067455140151876,0.0017007675297629476,0.022395555549477378,0.0011207742868122074,0.0183704759624151,0.000696763784490578,-0.52611977,87.41418,-28.88615,3222.193,-2.6810205,192.70702,-91.07902,6193.8364,0.11678083,0.9652926,0.10066123,1.221462,73.6951874869854
8236,30,10,1665161099,1665161400,48304,0,0.020925369301612956,0.0016301747048162174,0.02323959572940871,0.0011366109544693158,0.01934466619191754,0.0006990728940526846,-0.20467429,33.006416,-21.935358,1747.9637,-2.1262035,210.615,-79.60291,7822.922,0.11531922,0.97140336,0.09908282,1.2184024,75.37323041987003
8236,31,10,1665161400,1665161699,48017,0,0.02072784067378719,0.001652333976859155,0.022624915014293662,0.0011754820956628564,0.019013016076003753,0.0007458982323397291,-0.66437465,125.42128,10.37664,5604.141,-1.8403046,304.04694,-61.82861,10831.481,0.12065677,0.97018546,0.09643618,1.2188662,71.70939960378543
8236,32,10,1665161699,1665162000,48417,0,0.01895833748643333,0.0018989812280248153,0.01808481042086166,0.0019174802746601723,0.01676436532260598,0.0010897136223371375,-0.02534197,16.728968,-15.645124,1688.8551,-0.8990626,140.15062,-35.08717,4546.584,0.12684669,0.96030736,0.101960786,1.1970404,76.38431498148525
8236,33,10,1665162000,1665162299,47916,0,0.01900771954256056,0.0016844512903329417,0.020190336346236244,0.0014940136238098395,0.018274479448573515,0.00085654087330235,-0.033307817,60.33065,-18.090607,5589.4004,-0.80600506,77.688995,-39.74292,2948.4482,0.11812036,0.9644901,0.10280535,1.2177024,73.55511771491753
8236,34,10,1665162299,1665162600,47960,0,0.013525175252319221,0.0017938593647087164,0.018436879343115706,0.002479883285289671,0.017388037542577367,0.0013602723897944771,42.641666,9408.724,1145.5951,254820.28,0.24246587,161.92737,1.216068,5893.9263,0.12418012,0.93284774,0.10628779,1.1851063,72.56812398498433
8236,35,10,1665162600,1665162899,47809,0,0.017703638732067706,0.0015750050309426,0.022103345352930993,0.0013835331699535852,0.01988850513349973,0.000856137278023127,-0.08801284,19.923107,-11.671497,867.37256,-0.216336,369.3456,-19.557165,12947.555,0.12650521,0.9709074,0.0989217,1.2013983,72.02712287825638
8236,36,10,1665162899,1665163200,48133,0,0.013945253853364564,0.0018786298879347324,0.014059592689100297,0.0023877901693651303,0.016114886550704567,0.0011843745868465316,0.23166774,40.21495,-2.8853467,1261.1217,-4.3770194,554.0971,-137.15471,16201.78,0.1324122,0.95119554,0.10966793,1.2040166,71.1069843620168
8236,37,10,1665163200,1665163499,47919,0,0.018071871801261352,0.0015730447647768486,0.021742078632551464,0.0014012025780917765,0.01981674288183185,0.0008576708727072065,-0.71035904,99.64604,-30.877432,3830.8008,-1.9184963,169.6395,-71.71117,6675.959,0.12403614,0.9580676,0.10285745,1.2067823,73.72356792690084
8236,38,10,1665163499,1665163800,48045,0,0.017596196483546073,0.0015867143933482458,0.021695361353183736,0.0013490218101659696,0.020083649757927338,0.0007828687259183991,0.19184522,165.43994,-68.255066,9447.478,-1.3344496,79.1205,-65.4249,3169.1199,0.11349662,0.95214254,0.11121941,1.2077758,72.59607951883223
8236,39,10,1665163800,1665164099,47555,0,0.018917097357247226,0.0017803115677330478,0.019139658091171467,0.001464761028795657,0.016632434809437095,0.0008458226299630379,-0.05391734,15.073925,-5.5347967,864.64056,-4.0170555,549.5677,-152.48126,20808.047,0.12738842,0.94066054,0.10237699,1.203915,72.53245000616461
8236,40,10,1665164099,1665164400,47968,0,0.01783228704868378,0.0018803205937504147,0.01831015333244183,0.00212527651645315,0.017423583685751025,0.0011929181672995,-2.1621923,507.2169,-77.37795,17366.082,-1.030346,151.0779,-48.275375,4234.969,0.12974836,0.95776844,0.105325915,1.2119775,74.56323604738256
8236,41,10,1665164400,1665164699,47725,0,0.01779048367202546,0.0016404748404614394,0.022688898275140784,0.0013357888534797063,0.01897159732774568,0.0008119488910342913,-0.0023275183,20.904222,-6.3482738,835.3933,-1.3422652,64.77946,-52.13047,2011.0974,0.11855675,0.9557928,0.10359433,1.1984545,72.15791855569509
8236,42,10,1665164699,1665165000,47903,0,0.018529164369772366,0.0017300232368479274,0.02025288806939568,0.0014505149060879251,0.017291590548929175,0.0008363007386333159,0.7774291,122.69496,22.444803,4377.4756,-1.1023661,54.72423,-46.022186,2094.5354,0.12289236,0.94006896,0.104048386,1.2027763,70.0159047214452
8236,43,10,1665165000,1665165299,47506,0,0.01639501675982663,0.0016777442700266626,0.01940842250742,0.0019027976907071316,0.0186148505439106,0.001092014406455592,-0.1760063,26.923746,11.987851,5588.014,-0.37651083,162.17258,-13.674833,5656.4346,0.12239951,0.9496629,0.09713785,1.2055943,74.74343801002702
8236,44,10,1665165299,1665165600,47898,0,0.01759506031302066,0.001585988090162499,0.021919089064881422,0.001356006398110874,0.019905954657728875,0.0008041669251796953,1.1401998,399.60907,51.39568,15520.522,-1.0819266,76.48617,-43.051758,2545.858,0.11412374,0.96045613,0.10405523,1.2124668,76.43598012311428
8236,45,10,1665165600,1665165899,47183,0,0.017278515637055125,0.0016354533459700393,0.02086568573389437,0.0015074624204144006,0.0190560091118785,0.0008606229589909076,0.31229094,45.687695,-0.940258,1381.919,1.1435078,539.41187,41.431065,20824.31,0.12543292,0.9481398,0.10290618,1.1874712,72.4266829995481
8236,46,10,1665165899,1665166200,47815,0,0.018151768830178522,0.0016007282194914069,0.02105940655224995,0.0013494462140163123,0.019902329349460183,0.0007779976275115955,-0.92246443,132.34111,12.812692,8966.718,-1.5638001,895.63824,-32.65192,26093.64,0.124656714,0.9636176,0.09967852,1.1977912,76.30807169387273
8236,47,10,1665166200,1665166499,47226,0,0.015419866203976423,0.0016052752613125582,0.02324874612037757,0.0015092838892768502,0.019153364979073502,0.0009349140555386277,-0.08869386,30.706957,-14.963071,1669.0883,-1.108195,117.0278,-50.995224,4596.187,0.118750565,0.94171304,0.095500246,1.1881492,72.82037601451808
8236,48,10,1665166499,1665166800,48183,0,0.017781021054758928,0.0016198408775034562,0.022178569800025007,0.0013269209155990728,0.019430713731331373,0.0008075300701405053,-0.25628668,60.145935,-15.581053,2566.0923,-0.71975076,330.5871,-26.327003,12037.668,0.12196746,0.9593987,0.09743126,1.1984769,75.37760348292635
8236,49,10,1665166800,1665167099,47380,0,0.01603590105417707,0.0016691410840055237,0.021390608473557407,0.0015817534939682742,0.01817722663505577,0.0009723340523870565,0.50162476,110.048294,7.4167786,4177.152,-0.42540938,962.0662,6.670405,39742.1,0.12101556,0.92909944,0.107112676,1.1875616,76.86371726459396
8236,50,10,1665167099,1665167400,47740,0,0.01580114085993381,0.001535298994088441,0.0226336223594652,0.001499501387610843,0.02012563327337765,0.0009041808862074799,0.14240342,28.238058,-2.4507995,1135.9116,-1.6696731,254.45857,-80.30467,9646.493,0.12195487,0.94847006,0.103965245,1.1843884,74.6693123567295
8236,51,10,1665167400,1665167699,47036,0,0.015660213465363643,0.0016329696701822827,0.020530774633853256,0.0018296462637603789,0.01884045445936773,0.0010631429606764303,-0.0038953007,28.796488,-9.29215,1094.6969,14.243977,3191.7107,262.44504,61334.84,0.123316325,0.9397834,0.10807786,1.2000314,75.6135807064274
8236,52,10,1665167699,1665168000,47380,0,0.016719234427186175,0.0017609737040895912,0.01857416145374006,0.001682589330549671,0.016895480310202174,0.0009686373283729725,-1.4229947,259.25082,-40.363655,5384.9033,-1.0880153,53.054096,-46.01121,2041.3412,0.12502551,0.9360532,0.110589035,1.197801,75.4947026845717
8236,53,10,1665168000,1665168299,47344,0,0.014932445611528788,0.0016788718267140568,0.019756961325675053,0.0019268049874889177,0.018131810585428537,0.0010968472137995733,-0.083998755,18.14046,-12.3982725,831.5884,1.3828998,342.3235,58.284935,13798.862,0.11817102,0.9281301,0.104333006,1.1885095,73.03154668214201
8236,54,10,1665168299,1665168600,47573,0,0.013488498552660766,0.0022372777328410615,0.015066188801814501,0.003174237172234775,0.015805426461334687,0.001620437151944638,-0.035655707,29.121794,-7.38822,857.94855,-1.5276562,82.53034,-63.46561,3105.7983,0.12857223,0.9419363,0.109119676,1.1938967,73.49095149456681
8236,55,10,1665168600,1665168899,46973,0,0.01741345257616317,0.0015911533268946482,0.020377519307094128,0.001575473428239993,0.01977201768880958,0.000931085896778542,0.09947152,25.594452,-0.07298001,1311.2585,-1.9938298,99.30974,-74.776085,3635.5977,0.12901495,0.9662246,0.1025881,1.1919171,72.37018107767085
8236,56,10,1665168899,1665169200,47356,0,0.013731900516638057,0.001552461174311709,0.02106170609505248,0.0019427799121646844,0.019589383551494817,0.0011292803629196196,0.6849962,122.985115,81.68438,18937.014,-0.785129,106.278725,-29.563496,3801.352,0.12208403,0.92775184,0.10178929,1.1894684,71.57718183431032
8236,57,10,1665169200,1665169499,47193,0,0.013072263090337488,0.001601558022601618,0.021791685482717413,0.0021427836501557006,0.018585001762607134,0.0012841836792564301,0.05619057,32.49521,-4.7915816,1179.7842,-1.2305373,73.83608,-45.675777,2464.2122,0.121104345,0.9274906,0.09958234,1.1842464,73.46720446514237
8236,58,10,1665169499,1665169800,47163,0,0.011099571331606883,0.0024569297131886297,0.013169007854765422,0.004171229535310472,0.015834754012624724,0.0020241183336619575,-0.07947361,17.067188,-15.787946,1161.47,-0.6681394,77.54808,-23.336792,3036.8665,0.13584074,0.9335403,0.10237831,1.1745888,72.29062031966261
8236,59,10,1665169800,1665170099,46559,0,0.014114801496582563,0.0017672414770393413,0.02092265435546345,0.0030030983941325244,0.01762173313318113,0.0019270337198401492,-0.057776235,27.692692,-16.52891,1315.8184,-0.12631343,157.50642,5.7716956,7192.1562,0.12582026,0.93356824,0.1002542,1.1729475,74.23949800076409
8236,60,10,1665170099,1665170400,46856,0,0.013332925431838866,0.001578136252171597,0.019575954553577905,0.002014708714313952,0.019782560283370106,0.0010978138023430128,0.059026998,32.304104,5.8744373,1907.5367,0.58655953,212.63318,7.383493,6046.351,0.11571275,0.9341509,0.11016385,1.1873037,70.46841500464676
8236,61,10,1665170400,1665170699,46753,0,0.011919569527565232,0.0020068605824238445,0.01817329936524774,0.003691205926075079,0.01789325475144617,0.001952099980080866,-0.13025212,16.93939,-7.5133114,940.2677,-1.7746636,134.63312,-69.309616,4746.8687,0.110652745,0.9195977,0.10709318,1.1829163,71.89265729160613
8236,62,10,1665170699,1665171000,47179,0,0.014929473671798588,0.0017247676473744755,0.018890862294560412,0.0019031739814553469,0.01762050302701292,0.0010439134092878506,0.069808684,18.087614,-9.523393,807.8668,-0.071101725,304.43097,-6.9519143,11533.125,0.11555213,0.9316124,0.10035456,1.191694,72.66303477493683
8236,63,10,1665171000,1665171299,45822,0,0.013658824226811306,0.0016352181438039487,0.020594450106020193,0.001879982951835571,0.019050787350904146,0.00104259107755297,-0.059310496,18.576666,-11.949718,1164.1765,-0.2034544,139.5886,-17.753454,4024.4607,0.10595581,0.9372199,0.101728894,1.1758506,63.798198867207624
8236,64,10,1665171299,1665171600,47238,0,0.01269359855019181,0.0017185625658994869,0.018879090845044372,0.0022259738590498825,0.017506739600170556,0.001142306337526107,0.07378821,62.465797,1.492894,2378.013,-1.6843337,125.28102,-64.99785,4987.0825,0.11406506,0.91668344,0.102758944,1.1759709,72.84320078571349
8236,65,10,1665171600,1665171899,47120,0,0.010818128000572386,0.0020720255300154117,0.014279383500497327,0.0035512996916730443,0.01676305947783368,0.001648052670321934,-0.08663864,14.336564,-9.641853,650.57544,-1.0279843,250.60912,-34.905,7749.3633,0.12382983,0.92760175,0.10246982,1.1861911,70.71531603493635
8236,66,10,1665171899,1665172200,46849,0,0.009042496933169109,0.0015612010522740583,0.01170107651087302,0.002558987471014916,0.014202695651206874,0.0012184184792213846,-0.064407915,31.480133,-6.370655,1640.4668,-1.1515911,148.48535,-42.636543,5333.4863,0.1187318,0.90998644,0.1134496,1.1777054,72.88631144312549
8236,67,10,1665172200,1665172499,46164,0,0.013524283796543635,0.0016886104845320743,0.0195843500151215,0.0020692977293366357,0.018232291081334923,0.0011405002275525072,0.40673614,76.76043,1.6335425,3196.6772,-1.3840073,169.90868,-58.526337,4152.0312,0.12124443,0.9343159,0.105037384,1.1822753,71.04415660196723
8236,68,10,1665172499,1665172800,47199,0,0.009358716095363734,0.0017667906677792389,0.01833620747780042,0.0037564469662701334,0.018579372867794992,0.001877094244618011,0.22181545,44.891388,-87.370636,16817.957,-13.67921,2788.192,576.6533,133204.31,0.11735356,0.90645057,0.09988885,1.1850071,70.21310402466287
8236,69,10,1665172800,1665173099,46666,0,0.010398018570837553,0.0014625472564897268,0.021694070338181135,0.002337029017971481,0.020482748732026754,0.0012953263379488645,-0.3044636,56.383717,-18.671621,2294.9685,-1.3445657,148.08214,-45.843388,5425.3096,0.10618542,0.923443,0.112156674,1.1626538,71.47372987807479
8236,70,10,1665173099,1665173400,47001,0,0.012819962128462759,0.0017452053055808658,0.019772361093386228,0.00270844207856394,0.018003723234574,0.0015206870782120997,-0.4815095,99.23634,-28.843288,3573.873,-2.1775844,348.02344,-61.826973,11418.338,0.11204386,0.9215539,0.102908164,1.1841562,67.0897637427924
8236,71,10,1665173400,1665173699,46078,0,0.013070474297119161,0.001696879888732003,0.019931464086548986,0.0021472273278204564,0.01793613635130887,0.0012129424286861177,-0.14847915,19.506748,-7.888478,880.55225,-1.4323974,58.885273,-61.130486,2095.0508,0.112908326,0.923679,0.10600458,1.1793607,72.19505870830491
8236,72,10,1665173699,1665174000,46898,0,0.013468217515036712,0.0018162356723786938,0.018679256015618515,0.00256212558863716,0.0173230645615719,0.0014570150982219521,-0.017678345,15.123194,-6.35934,551.36115,-1.3626478,83.49779,-55.411114,2667.637,0.12318445,0.9131858,0.110388204,1.2033614,69.87892060894839
8236,73,10,1665174000,1665174299,46066,0,0.011941865316619393,0.0017442139498516224,0.019616693875216144,0.003031328502954284,0.018460708878157327,0.0016490859147641392,0.039051585,40.334553,0.15914632,2953.7976,-1.0908612,192.76196,-30.347132,5876.4136,0.118183754,0.9212073,0.11440735,1.1876484,76.35942713235096
8236,74,10,1665174299,1665174600,46516,0,0.008741074069254423,0.0016754406972984554,0.018370342948925228,0.0033335791819754206,0.01857905207656509,0.001580330269230967,-0.16822746,22.831863,-52.312523,10649.534,-1.1687034,351.0989,-55.51994,14273.706,0.117980756,0.91369534,0.09705248,1.1623183,73.47045473285077
8236,75,10,1665174600,1665174899,46250,0,0.010146925779120047,0.0016702378288979136,0.01221158555940624,0.0025496564455436774,0.014841257642635351,0.001184251784189183,0.21880473,25.721498,2.2851624,999.2172,0.672105,310.37506,14.407984,11646.104,0.12917022,0.9095182,0.10461286,1.1798215,69.18981284466126
8236,76,10,1665174899,1665175200,46190,0,0.00850574501040452,0.0015932292572406748,0.0127904185735446,0.0027408869163047193,0.014503114494734787,0.001284902837614333,-0.9227099,134.20581,-55.92009,7664.3613,-1.5104561,127.39388,-67.89481,4552.467,0.12903515,0.89854014,0.111193925,1.1742489,69.45335666695235
8236,77,10,1665175200,1665175499,46019,0,0.007681090222855069,0.0010822376099881431,0.010000000069409464,0.002344342833173239,0.01536023713849181,0.0013195907087288957,-13.727227,2833.8494,-524.1028,109754.984,-2.536094,253.59628,-94.34429,9231.888,0.12593815,0.92141473,0.09487222,1.1668777,71.57071278489344
8236,78,10,1665175499,1665175800,46471,0,0.011816661816633156,0.0018651434360790337,0.015291168547153247,0.0026749632961003333,0.01603751359968459,0.0012857238287736165,-1.928806,348.09448,-78.89981,13474.435,-2.5592551,241.42969,-93.14026,8688.122,0.12064494,0.917385,0.11070413,1.1873646,72.07126667567324
8236,79,10,1665175800,1665176099,46113,0,0.009203754636176148,0.0015661502231333613,0.011667983887952826,0.00252053721493221,0.014380841605757429,0.001183891306738796,0.2211747,85.876175,10.304891,3521.6987,-2.1276915,147.35025,-83.98869,5890.6973,0.13107032,0.90624017,0.10884824,1.1718441,67.4153946831242
8236,80,10,1665176099,1665176400,45717,0,0.005950010684183188,0.0010399854927494734,0.010000130163955945,0.0028373827294293453,0.013603863243166633,0.0012644600634157364,-0.3391219,76.68494,-24.130999,3094.6333,-1.857874,259.2463,-79.84185,9581.352,0.12695836,0.8862114,0.11067375,1.1550598,68.6412024537163
8236,81,10,1665176400,1665176699,45629,0,0.00842531377977987,0.0018426687775775913,0.010000002349232984,0.019258115622490756,0.014527348080902634,0.00179308735342082,0.27913803,97.361244,3.339565,3746.5198,-0.11821282,190.03397,4.4919286,8004.7476,0.13084921,0.92409647,0.1026578,1.1793101,68.73334314960563
8236,82,10,1665176699,1665177000,45837,0,0.010922418480626167,0.0017832833340417492,0.018128012162826713,0.003192076537376659,0.01819991948916367,0.0016800253566704448,-0.29675466,87.97647,-24.456223,3383.1401,-2.0367644,103.344055,-81.14197,4495.17,0.12545411,0.9219005,0.09954424,1.1833903,72.80456525014053
8236,83,10,1665177000,1665177299,45499,0,0.007641393204630448,0.0015258866884630823,0.011772313058020402,0.0028356355963218465,0.01406320676686404,0.0012978516815701927,-0.11008209,70.759,-12.317566,2623.7915,-1.1694189,51.167885,-47.895557,1872.4517,0.12704383,0.8981648,0.10947794,1.166343,73.16778504764662
8236,84,10,1665177299,1665177600,45866,0,0.008745149445656436,0.0018512021067638995,0.015422935499764052,0.0035631256017991855,0.016245962579655458,0.0016928372395675828,-0.032240994,13.0075245,-11.931428,589.51733,0.16713089,257.23462,-28.096523,4739.6655,0.12645543,0.8993539,0.10992202,1.1701204,70.12263708460569
8236,85,10,1665177600,1665177899,45537,0,0.010224743630180805,0.002199066212634368,0.01522747818290638,0.004079155214471176,0.016231540958542245,0.002021527411278208,-0.07155356,24.041092,-7.130993,986.6935,-1.4013393,389.2502,-53.062645,15043.78,0.12711248,0.90921694,0.110411815,1.1856005,68.0729163335387
8236,86,10,1665177899,1665178200,45538,0,0.007651627292689311,0.00892193496961699,0.010359495936097368,0.015153882087583751,0.015067478625009727,0.008485336222245241,-0.0034913435,33.94003,-7.9235783,1303.109,-1.8949617,143.66446,-98.31871,8580.742,0.12503412,0.9125608,0.10293756,1.1695523,69.64351427921672
8236,87,10,1665178200,1665178499,45782,0,0.008071538939059764,0.001516157078562147,0.02092513456024692,0.0028960047333326,0.019992392731066715,0.0014805759589244499,0.058708988,29.59927,-5.841072,1255.332,-0.8172498,141.30046,-37.227283,5811.78,0.10964311,0.8954312,0.10653207,1.1654714,72.57857479415307
8236,88,10,1665178499,1665178800,45180,0,0.01158856414739401,0.0015111745976863905,0.023576653036449777,0.0018623766596600998,0.02082446638919599,0.0010564039393740725,-0.09664112,12.837979,-9.814352,572.292,0.07591152,147.67564,1.9095572,5877.164,0.10644368,0.9118612,0.10390052,1.1819378,69.98334684706528
8236,89,10,1665178800,1665179099,45183,0,0.01017940180647306,0.0025417475040277887,0.016550142340110756,0.0055349637541605625,0.017570397197085825,0.0028078026400427036,-0.057840526,17.168806,-10.646926,627.8258,1.0545502,504.73166,8.059533,15274.895,0.12810773,0.9178744,0.10629583,1.1774932,72.14004712602544
8236,90,10,1665179099,1665179400,45431,0,0.006301069164061951,0.008738287423237442,0.011381433911187368,0.027108579199692028,0.016096020273387798,0.010326065989866677,-0.019017523,15.08558,-15.626318,1747.7078,-1.3725661,60.03071,-58.658657,2189.8843,0.12901087,0.9085747,0.10633665,1.1666839,69.21195620532718
8236,91,10,1665179400,1665179699,45079,0,0.006189950071963296,0.001278214092743285,0.010000120370440384,0.01848572061926397,0.015434752006066331,0.0018731625600288812,-0.22355968,28.331276,-25.349863,3170.0908,-0.5300048,93.13492,-17.600576,3627.8977,0.12790075,0.91219026,0.09938718,1.1730157,70.8450274377384
8236,92,10,1665179699,1665180000,45236,0,0.006266547271482847,0.008424189677595409,0.010004637481912732,0.01999517178790051,0.0151473190638782,0.009960801886356327,-0.1944374,88.330795,-6.8595657,4318.0923,-1.1905522,86.69585,-48.844147,3170.7534,0.124286585,0.90597725,0.10738409,1.1603924,68.97617262611641
8236,93,10,1665180000,1665180299,44476,0,0.008203172290398603,0.0017829292117737539,0.0156860880695937,0.0036410310643707616,0.01765825793057063,0.0016163536152010091,0.024621842,33.02559,-19.493853,1462.5735,-0.65776324,163.80951,-22.363325,7504.8066,0.13010053,0.88671255,0.10320028,1.1637456,69.88454138664295
8236,94,10,1665180299,1665180600,44944,0,0.005683679246888312,0.0010252015731201658,0.010000001313908062,0.003106962012338505,0.015067204397880073,0.0013659000146721946,0.06245995,27.263517,-8.6158285,1678.046,-2.5909534,197.64307,-96.50264,6251.5503,0.13423419,0.88757735,0.10842493,1.1557058,69.86133767655049
8236,95,10,1665180600,1665180899,44333,0,0.008147228632588044,0.007500412956429531,0.010000000008489923,0.01640164706525902,0.014486565640910883,0.006736535511301042,-3.8484316,817.357,-454.475,94233.6,-0.72422963,109.5195,-32.907017,4345.4717,0.13174355,0.91767114,0.10888564,1.1751043,65.77509817716644
8236,96,10,1665180899,1665181200,45021,0,0.00625619268655736,0.001958247792170173,0.012276587108543971,0.0050642342018492065,0.01581382334763886,0.0023168985617755093,-0.093079045,16.848267,-11.084532,612.707,-2.4073966,237.84523,-154.20805,21652.732,0.12797162,0.8924422,0.100042954,1.1633456,71.27406499074146
8236,97,10,1665181200,1665181499,44204,0,0.007661837865966553,0.001907982076584533,0.01464351960566684,0.004356912994255717,0.01699415551538856,0.0020270837936297824,0.05654484,21.398975,-5.809693,973.94055,-1.4837271,191.04378,-61.65445,7081.265,0.12574969,0.899039,0.10817397,1.1401825,72.15415796472617
8236,98,10,1665181499,1665181800,44595,0,0.006853977127411454,0.009395763820945133,0.010351263043912805,0.015294233842187399,0.014193203108666168,0.008298976356791605,-0.21262112,37.343517,-20.182768,2084.5388,-0.5443731,151.64363,-39.42896,3429.5186,0.12627149,0.8996607,0.102892645,1.1729181,65.96414514463997
8236,99,10,1665181800,1665182099,44184,0,0.00764366992260071,0.0017662049036556715,0.011342249649053079,0.0035940979521638036,0.015458961629065947,0.001607746273128167,0.27636743,41.882317,23.645061,4501.8623,-1.3090696,228.93864,-52.806965,8570.567,0.13179463,0.9016033,0.11045635,1.1614487,66.8261068794171
8236,100,10,1665182099,1665182400,44650,0,0.008220833482281031,0.0016836096375894422,0.02049723599399452,0.003211945699049026,0.01775113239868584,0.0018091793687498997,-0.027152434,28.303328,-6.793942,2905.972,-0.7815136,125.14511,-28.087008,4688.979,0.12889041,0.89278585,0.10339983,1.1609449,65.21098194655897
8236,101,10,1665182400,1665182699,43801,0,0.00790697709903812,0.0017236874086333231,0.014525806627194573,0.0032567313464047917,0.014925651624826569,0.0016034344731220545,0.19049637,57.125576,-0.6165894,2212.0417,-1.6782581,74.75851,-61.87528,2390.917,0.13397133,0.89824885,0.104959466,1.1662405,70.8701096823835
8236,102,10,1665182699,1665183000,43760,0,0.006229099770821922,0.009006101784313297,0.010500234498606627,0.01512400005110583,0.016072063663737698,0.009234510937930976,0.70370847,84.96221,28.601063,4342.3267,-0.9332517,77.303474,-34.220997,2823.8965,0.13003795,0.9009972,0.11324542,1.1667886,71.28029199678012
8236,103,10,1665183000,1665183299,44051,0,0.01030164799675129,0.001946728440070461,0.0179129075594725,0.003911572773490099,0.01818893842781618,0.0020184083268193244,-0.057059195,29.175606,-10.293852,1012.1369,-1.4036093,91.12477,-54.50299,3066.694,0.118607,0.9104885,0.109406106,1.1830301,67.77626847095873
8236,104,10,1665183299,1665183600,44330,0,0.005591478145617806,0.009172507169968147,0.011262421824906445,0.023488592349247907,0.01530659597484307,0.01012714732728431,-0.00011975172,25.311676,-9.264983,1027.1475,-8.986652,1274.476,-295.5805,37990.17,0.11768119,0.88916117,0.09993552,1.1483428,66.14721953323816
8236,105,10,1665183600,1665183899,43960,0,0.005579822154616304,0.008914256434541426,0.01193340004076124,0.027976851919500775,0.01624328306549834,0.011095483494305142,-32.5944,6736.22,-624.55414,125361.875,-2.3497224,361.5694,-70.93979,10764.644,0.11600885,0.88684654,0.10743292,1.1696256,63.99870191452515
8236,106,10,1665183899,1665184200,44009,0,0.00628876562220726,0.0009929047929192192,0.010000000228852697,0.0018222356036533697,0.013847633980459883,0.0011585029907896296,-0.2497599,32.664654,-17.88887,1282.9471,-16.5166,2403.3901,-584.2371,81055.52,0.12567471,0.88113505,0.10457037,1.1585809,66.96428723990788
8236,107,10,1665184200,1665184499,44214,0,0.00853220068948074,0.0016869766935535269,0.020268168801537416,0.0031056483322292744,0.01787266909595957,0.0015670144122861412,0.30731815,73.08774,2.3283813,2780.5542,-1.2704513,58.149723,-45.64721,1894.5533,0.10583404,0.89371854,0.09679567,1.1428576,63.648009007144005
8236,108,10,1665184499,1665184800,44288,0,0.006106692167189703,0.009904165065221682,0.010868801954422396,0.0202276531820111,0.014534243169165555,0.00858988640199742,-2.3666027,481.67993,677.39044,144916.38,-0.88886863,62.876667,-49.002438,2992.859,0.11701761,0.89447266,0.098561645,1.1525073,66.72879601102734
8236,109,10,1665184800,1665185099,43377,0,0.006683368921454186,0.0014928438676213573,0.0111864287271202,0.002932912501336313,0.014174296971735764,0.001353718166763591,-0.071437575,31.411455,-9.748356,1084.2235,-2.0417042,247.5934,-61.306164,6897.968,0.11548748,0.89304155,0.11177844,1.1647743,66.82987394667424
8236,110,10,1665185099,1665185400,43860,0,0.003942250847064316,0.0008439769263563213,0.010000021186608409,0.00222532634387408,0.015507425692697783,0.0016263187694961906,0.27772516,99.186966,-3.8145738,2183.3315,-6.6883907,1140.654,-201.26596,31439.238,0.11890011,0.8722554,0.09372646,1.1415803,63.95146187528651
8236,111,10,1665185400,1665185699,43360,0,0.005206593204866938,0.007529093612089477,0.01000000080492665,0.018286468958581,0.01492141397450634,0.00966735863600577,-0.39766774,38.26932,-10.138717,2161.6118,-1.3085203,119.48002,-55.73611,4042.6116,0.10806317,0.90372956,0.10185637,1.1781448,67.53417090354577
8236,112,10,1665185699,1665186000,43618,0,0.011556128646058816,0.0018044373894343518,0.01681853045139802,0.0018846244227312767,0.012508209429370455,0.0011537541436355365,-0.21373478,60.35165,-11.24291,1794.0356,-2.1269946,130.86908,-77.837875,4617.8467,0.11924704,0.90420264,0.10902111,1.1855977,69.75733320666613
8236,113,10,1665186000,1665186299,43340,0,0.004166883744942285,0.0008001009842148604,0.010000003686257804,0.002220823078353561,0.017041728447696743,0.0018650886497790214,0.055219017,32.410046,2.9426794,1345.3517,1.2465539,541.2329,51.403183,21550.357,0.11270996,0.8911974,0.095289946,1.1324124,63.75187873385324
8236,114,10,1665186299,1665186600,43721,0,0.005734233999143884,0.0009339923884919415,0.010000000001562016,0.0017829517129148023,0.015087348044763513,0.001299933465544914,-0.14712393,23.00151,-13.262445,894.84705,-10.795989,2071.15,-315.59796,56788.574,0.12287345,0.90057826,0.10545472,1.1500617,68.70451955708907
8236,115,10,1665186600,1665186899,43147,0,0.0049246939692211,0.009098581614025103,0.01125600843060015,0.019656599347614087,0.015069989356568456,0.010901714499984668,-0.15768254,30.994276,-14.154291,1189.1873,-2.6560411,230.3658,-100.17638,8620.971,0.11532966,0.87992173,0.11718733,1.1502099,67.0924212376262
8236,116,10,1665186899,1665187200,43204,0,0.004149303670068966,0.0008378974914157039,0.010000000799745437,0.0020262531648586914,0.015295701680479947,0.001502579343264073,-0.07099849,28.233904,-12.651531,926.00665,-0.49852213,172.55827,-29.748348,4952.7036,0.11906149,0.87813175,0.10680881,1.1639739,67.82059141957396
8236,117,10,1665187200,1665187499,42924,0,0.00557548002820385,0.0009519405110353929,0.010000000000150666,0.0021832341129551097,0.015543554080361056,0.001351849724975403,0.024308464,15.83104,-0.96323955,1517.7303,-0.72211134,91.00638,-30.22735,3412.2168,0.12420712,0.87324435,0.09951159,1.1637596,65.76200080616573
8236,118,10,1665187499,1665187800,43516,0,0.005750794308604673,0.000998318552394642,0.010000067663963153,0.0025665459308167275,0.014470542853640023,0.001337084676928114,-0.15593024,19.212496,-10.385626,1024.3,-1.9325316,66.42324,-69.48811,2634.9626,0.12841488,0.87214065,0.0972472,1.1475544,69.16866441952165
8236,119,10,1665187800,1665188099,42612,0,0.005452788140142245,0.0008903098346968036,0.010000000000644571,0.0015188415440994469,0.01557278623742547,0.0014037375520434704,-0.13861714,28.886135,-9.391758,1546.0088,-9.138262,1659.3544,-359.60504,64049.902,0.11933352,0.9113775,0.121301346,1.1664741,67.06403858327505
8236,120,10,1665188099,1665188400,42629,0,0.007596322949551537,0.001536939871886453,0.013348171382437015,0.002602188392449356,0.013872625640515102,0.0012836116887689295,-0.44205725,92.53069,-23.2678,3588.208,-1.529207,100.0187,-64.70751,3780.0051,0.12988852,0.8927177,0.10804591,1.1535257,69.40619945172593
8236,121,10,1665188400,1665188699,42606,0,0.007935987314724502,0.0020062549638117377,0.011672211449526931,0.0040712926733964885,0.015111957804193459,0.001849445640007317,0.22051896,40.45769,4.443077,1588.4706,-1.3946757,64.324905,-51.749565,2527.7334,0.124564335,0.89794284,0.10956152,1.1688211,66.91070375742487
8236,122,10,1665188699,1665189000,42954,0,0.0037481920315607653,0.0009711600588876435,0.010000002045010045,0.005111652703192386,0.013701785899876202,0.001607776957934559,0.1548581,25.777647,-6.986445,1168.2909,-2.0675426,125.15517,-82.22873,5430.418,0.118468896,0.87326825,0.103111975,1.1396288,68.55102374467643
8236,123,10,1665189000,1665189299,42791,0,0.005767796761347893,0.007797818259,0.01000000001202182,0.029904389724658295,0.01386663636986181,0.007397795059122925,-0.27922326,45.96103,-12.961607,1560.5132,7.499499,2065.9675,854.2916,194839.42,0.123280674,0.91034013,0.10221954,1.1519715,68.85480568146455
8236,124,10,1665189299,1665189600,42874,0,0.005243949758819838,0.008035544919931456,0.01000000005711838,0.02984788542339557,0.01596905191085611,0.011861906348087066,-0.0841712,10.308147,-8.96765,396.6251,-0.44260713,93.685074,-18.757563,3525.2212,0.1184686,0.89473015,0.107077956,1.1567432,67.42485377721422
8236,125,10,1665189600,1665189899,42306,0,0.004877646473082059,0.0029695931222156607,0.012232572698593267,0.01606229170173337,0.015571104390579616,0.0037345507704140083,-0.010033002,15.793213,-9.017789,561.6336,-3.3482807,362.40536,-113.78476,10612.222,0.117059834,0.87841547,0.10325107,1.1352129,66.24972530984473
8236,126,10,1665189899,1665190200,42439,0,0.005167558382301818,0.009769030783974134,0.010170549317194551,0.027603548289653716,0.01491108565535939,0.007537329359755169,-0.13796066,20.780844,-10.564959,781.89636,-2.0732865,96.71309,-89.26423,3926.6987,0.12977614,0.86379933,0.1183738,1.1506053,67.80940255258311
8236,127,10,1665190200,1665190499,42186,0,0.006568686086964148,0.0017007730217313138,0.014276698546422656,0.0037707288890320174,0.01536310123736465,0.0018450333823508483,-0.32971653,40.79067,-24.858084,1486.1981,-1.345095,82.035645,-52.300556,2572.8423,0.13101274,0.89524055,0.097615704,1.1613196,66.46616364935537
8236,128,10,1665190499,1665190800,41953,0,0.004801347125449662,0.0010139515932430787,0.010000195327274771,0.003868955480166414,0.014653067654103982,0.001575188240060036,-0.39782003,67.23051,-20.462193,2611.2087,-1.1543701,154.90805,-43.46907,5052.03,0.12676814,0.8736715,0.108679734,1.1517545,68.2266747708061
8236,129,10,1665190800,1665191099,41868,0,0.0043722174027433225,0.0008614416923053286,0.010000000498059393,0.0018586267385055219,0.014568103921570725,0.0015228824015203844,0.08833265,36.718857,-5.715739,1062.6953,-0.29197764,318.70233,-14.067715,11852.054,0.13128373,0.8736388,0.08970812,1.1576964,65.90653378377826
8236,130,10,1665191099,1665191400,41721,0,0.005238301629197695,0.0016408643785209842,0.010000000028008405,0.021702579450771302,0.013572733774335783,0.0018039783111314552,-0.22775148,31.265461,-8.157231,1585.6423,-1.0554036,78.63052,-39.33438,2370.8584,0.1321813,0.87801975,0.10484859,1.1503952,66.79446354302542
8236,131,10,1665191400,1665191699,41532,0,0.006667594907422414,0.0010058811202751927,0.010000000022725665,0.0014498215716149026,0.01370261613077861,0.0010701472727982697,1.3924139,268.6023,39.54878,10446.438,-1.7095071,118.93684,-65.3533,3874.0557,0.13725637,0.8981334,0.116123445,1.1410539,73.35557673972936
8236,132,10,1665191699,1665192000,41847,0,0.004443188395405251,0.000981251499063307,0.010000004226372984,0.004535417212915777,0.01544272603486388,0.001795136427822329,-14.858513,2972.9531,-587.14404,115129.23,-2.641788,134.22028,-83.80739,3703.4226,0.121601716,0.88694626,0.10908262,1.1603129,69.0499759250819
8236,133,10,1665192000,1665192299,41414,0,0.005255589105446878,0.0011095047700413613,0.010000000000064593,0.005320345691902146,0.015719359006570552,0.0017359249251037044,0.3422679,41.078163,11.346017,1902.3274,-0.8954674,102.936104,-47.063316,3999.0974,0.12376478,0.8920509,0.10707773,1.1546848,64.12605286868224
8236,134,10,1665192299,1665192600,41590,0,0.0047609580214298675,0.0009653206871666209,0.010000000007333122,0.003630394179074887,0.01635618536990034,0.0016538943625167115,-0.12004576,56.69162,-27.919586,3772.826,-1.0746454,219.63577,-47.965744,7706.1084,0.12813216,0.88152695,0.10542185,1.1499928,65.40571940950699
8236,135,10,1665192600,1665192899,41184,0,0.008034781795219437,0.001766580600367329,0.014918403866473206,0.003152196769886542,0.014744512373301537,0.0015085835764015471,-0.08011699,19.36398,-9.743032,905.4674,-1.0574554,98.44238,-34.78864,3666.601,0.13179296,0.8820131,0.103562064,1.1735021,68.62152634992472
8236,136,10,1665192899,1665193200,41211,0,0.0047229896962007745,0.009466435007897817,0.01077253866999654,0.01510648097571858,0.015004840838204468,0.010091787177796626,-0.16682643,21.328003,-7.133818,1300.6014,-3.4713187,381.25177,-106.180534,12184.2,0.11821601,0.87304956,0.114280514,1.1343195,65.28084610580248
8236,137,10,1665193200,1665193499,40936,0,0.0047580833625758545,0.001621677808873151,0.014419445761036938,0.004451657421421478,0.015763260607469756,0.0020670164974002448,0.4369153,129.11432,29.445837,8331.764,-1.7471944,86.93296,-64.19705,2569.2744,0.12006749,0.8810742,0.10086263,1.1346205,65.31722152137034
8236,138,10,1665193499,1665193800,41057,0,0.003035573964254523,0.01005928458398464,0.010093531391520158,0.02515615541760686,0.013101695400816573,0.009539458390080722,-0.6309125,129.67026,-31.298094,5032.351,0.9059683,322.19763,20.92147,11294.701,0.12043588,0.84888834,0.11084994,1.1375458,63.37132050613768
8236,139,10,1665193800,1665194099,41023,0,0.005047355605356019,0.0008268522887351082,0.010000116462869644,0.0014710213704028918,0.01530262298058873,0.0012471747025904392,-0.099946864,35.631184,-15.438592,1576.907,-1.215215,69.898735,-76.114334,6558.8125,0.13404246,0.85420567,0.109864995,1.137223,71.3952006114912
8236,140,10,1665194099,1665194400,41224,0,0.004270616739767474,0.0015083180869306934,0.011766038327484872,0.0041291731580179025,0.01190774552674589,0.0018308157467163593,0.32271174,40.8286,0.25431886,1367.3557,-1.3582144,74.55387,-51.767883,2300.687,0.12539904,0.8625456,0.11330127,1.1547123,70.43783492729118
8236,141,10,1665194400,1665194699,40878,0,0.00471409260927394,0.00153638802961234,0.011847828553434091,0.004236510516509205,0.014569588933766232,0.0017818964590972913,-0.86239684,191.47772,-69.17313,13140.798,-1.243932,119.63295,-50.52324,4725.1147,0.1324387,0.87156135,0.097082295,1.1489522,61.990850830712326
8236,142,10,1665194699,1665195000,41382,0,0.0047408441736772056,0.0008049270642162404,0.01000000040311053,0.0010602337271980481,0.014884201910041358,0.001251814600693433,0.07411928,32.162815,-3.5572014,1250.3324,-4.758106,589.0239,-163.59499,16822.883,0.12619738,0.87362003,0.10693823,1.1404437,66.92575501659309
8236,143,10,1665195000,1665195299,40394,0,0.005373505307739113,0.0010397121340417481,0.010000000005216099,0.0038001437711979195,0.01596368129909968,0.0016630258729537477,-0.3556361,71.47923,-20.839388,2766.5886,-0.62269557,99.65761,-27.035976,3861.843,0.12450059,0.9037569,0.10694505,1.1491066,68.19898311310511
8236,144,10,1665195299,1665195600,40611,0,0.004182279159438251,0.0009431025229688222,0.010000021388708456,0.004356531812396896,0.01587628566965141,0.0018555858637406206,-0.028884383,15.300371,-6.624383,646.3579,-0.8123915,85.43143,-32.98567,3579.1355,0.123206176,0.8789315,0.105460405,1.1413233,63.48623977842315
8236,145,10,1665195600,1665195899,40520,0,0.004758696970185661,0.009622251454211944,0.010822943495325976,0.015367428896613584,0.014262781753331275,0.01055223087215152,-1.7123764,368.5341,-77.49086,14254.858,-1.6064256,75.463066,-60.661045,2683.8958,0.12400903,0.89249796,0.099816255,1.168177,65.09892866016942
8236,146,10,1665195899,1665196200,40905,0,0.003409132244624302,0.0007921993892664042,0.010000043085334316,0.002466894127464492,0.016228667431916255,0.001941941795439185,-0.9558559,138.93788,-44.403873,5361.516,-0.49920332,156.69788,-26.69412,5795.775,0.11558212,0.876486,0.106326334,1.1318103,65.42846029050362
